cmc_rank,CMC_id,name,ticker,web_primary,web_secondary,source_code,repo,forge,stars,forks,auth_tot,authors,commits,comments,PR_open,days_inactive,avg_resp,med_resp,avg_longevity_days,language:,lastUpdated,mentions,criticality,alexa_rank,geo_dist
1,1,Bitcoin,BTC,https://bitcoin.org/,,https://github.com/bitcoin/bitcoin,bitcoin/bitcoin,github,72112,59013,6242,150.33,360,2440.67,170.67,0.006,17.55,2.9,427.11,C++,0,492320,0.84683,8149,0.268019409
2,1027,Ethereum,ETH,https://www.ethereum.org/,https://en.wikipedia.org/wiki/Ethereum,https://github.com/ethereum/go-ethereum,ethereum/go-ethereum,github,40452,28052,7465,164,45,448,76.67,0.019,13.18,1.45,282.49,Go,0,81168,0.82061,2358,0.327910515
4,1839,BNB,BNB,https://www.binance.com/,,https://github.com/bnb-chain/bsc,bnb-chain/bsc,github,79,71,73,38,5,121,2,0.076,5.44,2.88,13.95,Go,2,0,0.56422,110,0.361854174
5,3408,USD Coin,USDC,https://www.centre.io/usdc,,https://github.com/centrehq/centre-tokens,centrehq/centre-tokens,github,296,298,40,5,0,5.33,1.5,4.305,10.2,4.35,217.58,JavaScript,10,98,0.36061,147967,0.334226723
6,52,XRP,XRP,https://xrpl.org/,,https://github.com/ripple/rippled,ripple/rippled,github,4799,3023,594,35.67,18.67,138,19.33,0.287,28.07,13.39,358.35,C++,2,5453,0.6422,62805,0.348687968
7,4172,Terra,LUNA,https://terra.money/,,https://github.com/terra-project/core,terra-project/core,github,282,134,63,0,0,0,0,301.316,6.26,1.7,185.61,JavaScript,1,3,0.42544,6226,0.420447867
8,2010,Cardano,ADA,https://www.cardano.org,,https://github.com/input-output-hk/cardano-node,input-output-hk/cardano-node,github,2724,748,656,70.33,826.67,363.67,46,0.249,18.18,3.13,193.95,Haskell,0,475,0.64632,13702,0.259726545
9,5426,Solana,SOL,https://solana.com,,https://github.com/solana-labs/solana,solana-labs/solana,github,7744,2223,1090,174,747,1915.33,524.33,0.055,5.46,0.33,156.63,Rust,0,8798,0.77413,3595,0.240443057
10,5805,Avalanche,AVAX,https://avax.network/,https://www.avalabs.org/,https://github.com/ava-labs/avalanchego,ava-labs/avalanchego,github,1126,334,221,30.67,50.33,30.33,4.67,0.037,12,1.58,112.99,Go,0,683,0.56074,7000,0.282130244
11,6636,Polkadot,DOT,https://polkadot.network/,,https://github.com/paritytech/polkadot,paritytech/polkadot,github,6208,1884,725,83.33,960.67,915,135.67,0.01,10.11,0.96,296.26,Rust,0,835,0.69038,22298,0.252104539
12,4687,Binance USD,BUSD,https://www.binance.com/en/busd,https://www.paxos.com/busd/,https://github.com/paxosglobal/busd-contract,paxosglobal/busd-contract,github,82,78,11,1,0,0.33,1.5,3.681,29.34,29.34,318.6,Solidity,14,0,0.12069,110,0.334226723
13,74,Dogecoin,DOGE,http://dogecoin.com/,,https://github.com/dogecoin/dogecoin,dogecoin/dogecoin,github,15491,4684,1663,28.33,14,91.67,9.33,0.031,14.59,0.76,183.1,C++,5,199,0.5686,37234,0.209216048
16,3890,Polygon,MATIC,https://polygon.technology/,,https://github.com/maticnetwork/bor,maticnetwork/bor,github,338,196,202,34.67,74.33,95,18.33,0.024,14.04,3.03,87.98,Go,0,81,0.68323,4107,0.363355855
17,3717,Wrapped Bitcoin,WBTC,https://wbtc.network,,https://github.com/WrappedBTC/bitcoin-token-smart-contracts,WrappedBTC/bitcoin-token-smart-contracts,github,98,103,21,1.5,0,0.33,2,13.132,18.58,10.16,217.84,JavaScript,10,2,0.19913,300491,0.334226723
19,4943,Dai,DAI,http://www.makerdao.com/,,https://github.com/makerdao/dss,makerdao/dss,github,511,384,63,6,8.67,25,4,0.903,9.17,0.76,291.25,Solidity,0,258,0.50424,27356,0.401534134
20,2,Litecoin,LTC,https://litecoin.org/,,https://github.com/litecoin-project/litecoin,litecoin-project/litecoin,github,4904,10079,728,13.33,39,23,3,0.696,38.09,3.04,205.83,C++,10,194,0.49919,178803,0.333608694
21,3794,Cosmos,ATOM,https://cosmos.network/,,https://github.com/cosmos/cosmos-sdk,cosmos/cosmos-sdk,github,3879,3004,1066,102,846.67,1118.33,125,0.003,17.64,2.92,269.42,Go,0,3979,0.77086,21014,0.207415397
22,6535,NEAR Protocol,NEAR,https://near.org/,,https://github.com/nearprotocol/nearcore,nearprotocol/nearcore,github,745,204,104,0,0,0,0,529.935,0,0,210.49,Rust,0,366,0.64483,7935,0.289712161
23,1975,Chainlink,LINK,https://chain.link/,https://smartcontract.com/,https://github.com/smartcontractkit/chainlink,smartcontractkit/chainlink,github,3382,1400,380,55.67,1522,705.33,157,0.247,6.03,0.84,186.92,Go,0,600,0.67864,12817,0.25375029
24,7083,Uniswap,UNI,https://uniswap.org/blog/uni/,https://uniswap.org/,https://github.com/Uniswap/v3-core,Uniswap/v3-core,github,820,497,43,10.67,3,12.67,4,0.066,11.96,6.06,30.7,TypeScript,2,315,0.40786,3666,0.336181374
26,1958,TRON,TRX,https://tron.network/,,https://github.com/tronprotocol/java-tron,tronprotocol/java-tron,github,3552,2191,977,28,76,53,34,0.116,5.87,0.88,147.21,Java,1,14036,0.64553,23239,0.41698703
29,4030,Algorand,ALGO,http://algorand.foundation,https://www.algorand.com/,https://github.com/algorand/go-algorand,algorand/go-algorand,github,1071,558,236,44.33,237.33,556.67,97.33,0.015,17.29,2.13,245.47,C,0,323,0.56761,82059,0.301291148
30,1321,Ethereum Classic,ETC,https://ethereumclassic.org/,,https://github.com/etclabscore/core-geth,etclabscore/core-geth,github,151,120,80,8,41,9,5,0.203,10.7,3.71,130.41,Go,1,232,0.64142,239455,0.299666987
31,512,Stellar,XLM,https://www.stellar.org,,https://github.com/stellar/stellar-core,stellar/stellar-core,github,3320,2050,379,17,80.33,171.33,14,0.433,16.03,3.21,271.9,C,0,226,0.61696,40430,0.35984613
32,1966,Decentraland,MANA,https://decentraland.org/,,https://github.com/decentraland/decentraland-dapps,decentraland/decentraland-dapps,github,107,75,21,4.67,8.67,6.33,4.67,0.902,8.09,1.19,463.12,TypeScript,1,2,0.39817,2832,0.420896431
34,4642,Hedera,HBAR,https://www.hedera.com/,,https://github.com/hashgraph/hedera-sdk-java,hashgraph/hedera-sdk-java,github,189,167,92,8,122,56.33,25.33,1.701,8.95,2.99,304.09,Java,0,15,0.49542,32608,0.368553094
35,6892,Elrond,EGLD,https://elrond.com/,https://elrond.com/blog,https://github.com/ElrondNetwork/elrond-go,ElrondNetwork/elrond-go,github,885,241,168,20.33,776.33,410,71.67,0.62,7.91,1.06,207.84,Go,0,1207,0.60671,17383,0.375438673
36,8916,Internet Computer,ICP,https://dfinity.org,,https://github.com/dfinity/ic,dfinity/ic,github,940,122,13,3.33,585,0.67,4.5,0.357,21.57,27.99,93.32,Rust,0,68,0.45276,49003,0.331832135
37,1274,Waves,WAVES,https://waves.tech/,https://medium.com/wavesprotocol,https://github.com/wavesplatform/Waves,wavesplatform/Waves,github,1307,966,307,6.67,137.67,9.67,14,0.872,15.32,5.15,249.17,Scala,0,2797,0.59167,98591,0.414039442
39,328,Monero,XMR,https://www.getmonero.org/,,https://github.com/monero-project/monero,monero-project/monero,github,7484,6590,2009,53.67,3,224.33,12,0.028,22.63,15.65,251.34,C++,0,3049,0.5998,41982,0.270607676
40,3077,VeChain,VET,https://www.vechain.org/,https://www.vechain.com/,https://github.com/vechain/thor,vechain/thor,github,814,395,94,3.33,5,2.67,2,0.055,9.78,0.82,218.78,Go,0,57,0.41564,62594,0.41698703
41,2280,Filecoin,FIL,https://filecoin.io/,,https://github.com/filecoin-project/lotus,filecoin-project/lotus,github,2384,2081,1164,67.67,626.67,414.67,75.67,0.356,20.72,1.35,180.09,Go,0,1621,0.70124,36792,0.249145874
42,3513,Fantom,FTM,https://fantom.foundation/,,https://github.com/Fantom-foundation/go-opera,Fantom-foundation/go-opera,github,131,97,68,13.67,51.33,54.67,13.67,0.523,12.42,2.19,106.83,Go,11,168,0.37256,16129,0.391630143
44,4256,Klaytn,KLAY,https://www.klaytn.foundation/,https://www.klaytn.foundation/,https://github.com/klaytn/klaytn,klaytn/klaytn,github,281,200,72,18.67,191,249.67,29.67,0.321,12.86,4.91,297.27,Go,0,12,0.51527,359504,0.423666734
45,2416,Theta Network,THETA,https://www.thetatoken.org/,,https://github.com/thetatoken/theta-protocol-ledger,thetatoken/theta-protocol-ledger,github,348,116,80,2.33,8,2,1.33,3.257,19.13,4.92,210.86,Go,1,409,0.3533,25199,0.390273378
49,5665,Helium,HNT,https://www.helium.com/,,https://github.com/helium/blockchain-core,helium/blockchain-core,github,177,100,81,18.67,477.33,89,33,0.589,10.55,0.46,244.83,Erlang,0,0,0.44837,2356,0.32680926
50,1437,Zcash,ZEC,https://z.cash/,,https://github.com/zcash/zcash,zcash/zcash,github,4724,3290,1059,18,107.67,327,36.33,0.006,17.55,1.19,256.18,C++,0,4307,0.72679,160995,0.328469429
51,1765,EOS,EOS,https://eos.io/,,https://github.com/EOSIO/eos,EOSIO/eos,github,13149,8712,2698,25.67,274.67,64.67,41.33,2.067,7.19,0.87,175.72,C++,8,48378,0.59752,85051,0.348938556
52,4558,Flow,FLOW,https://flow.com,,https://github.com/onflow/flow-go,onflow/flow-go,github,391,112,75,34.33,1119,785,96.33,0.094,9.06,2.99,224.36,Go,0,784,0.66949,169099,0.268843121
53,7278,Aave,AAVE,https://aave.com/,https://ethlend.io,https://github.com/aave/aave-protocol,aave/aave-protocol,github,1211,668,68,2.67,0,1.33,1.5,0.349,0,0,137.48,HTML,14,28,0.19244,7428,0.334226723
54,1720,IOTA,MIOTA,https://www.iota.org/,,https://github.com/iotaledger/iota.js,iotaledger/iota.js,github,407,218,76,2.67,14.33,15,13.67,1.017,3.29,0.19,245.13,TypeScript,0,21,0.48952,38310,0.347616971
55,1518,Maker,MKR,https://makerdao.com/,,https://github.com/makerdao/market-maker-keeper,makerdao/market-maker-keeper,github,425,316,29,0,0,0,0,0.637,0,0,263.16,Python,6,3,0.25038,27356,0.391630143
56,6719,The Graph,GRT,https://thegraph.com,,https://github.com/graphprotocol/graph-node,graphprotocol/graph-node,github,1796,637,514,50.33,410.33,284,57,0.138,10.84,1.55,160.23,Rust,0,808,0.65222,22731,0.340825039
57,7186,PancakeSwap,CAKE,https://pancakeswap.finance/,,https://github.com/pancakeswap/pancake-frontend,pancakeswap/pancake-frontend,github,1653,3110,409,34.33,727.67,873.67,168.33,0.44,4.05,0.37,53.38,TypeScript,0,2161,0.58439,1343,0.330501588
58,16086,BitTorrent-New,BTT,https://bt.io/,,https://github.com/bttcprotocol/bttc,bttcprotocol/bttc,github,18,10,16,7.33,4.5,7,2.5,2.065,4.52,0.88,42.5,Go,3,0,0.49174,45957,0.414875857
59,4847,Stacks,STX,https://stacks.co,,https://github.com/blockstack/stacks-blockchain,blockstack/stacks-blockchain,github,682,244,176,21.5,192,231.5,11.5,64.657,18.67,4.74,224.35,Rust,2,32,0.59329,52062,0.307376452
61,3945,Harmony,ONE,https://www.harmony.one/,https://t.me/harmony_announcements,https://github.com/harmony-one/harmony,harmony-one/harmony,github,1500,454,275,37.33,34,101.67,26,0.093,11.04,1.85,212.63,Go,0,228,0.60875,6833,0.363464287
62,3602,Bitcoin SV,BSV,https://bitcoinsv.com/,https://bitcoinsv.io/,https://github.com/bitcoin-sv/bitcoin-sv,bitcoin-sv/bitcoin-sv,github,606,526,296,9,100,19.33,1,1.652,12.69,0.61,247.63,C++,4,6,0.53004,447853,0.285152922
63,1376,Neo,NEO,https://neo.org/,,https://github.com/neo-project/neo,neo-project/neo,github,3388,2019,423,13.67,3,42.33,4,0.78,19.49,2.75,295.38,C#,0,451,0.59832,46354,0.338695593
64,10791,eCash,XEC,https://e.cash/,,https://github.com/Bitcoin-ABC/bitcoin-abc,Bitcoin-ABC/bitcoin-abc,github,1262,1365,553,5.33,150.33,4,2,0.642,19.21,2.74,173.65,C++,0,9824,0.68433,70200,0.304323681
67,2502,Huobi Token,HT,https://www.huobiwallet.com,https://www.hbg.com/,https://github.com/HuobiGroup/huobi-eco-chain,HuobiGroup/huobi-eco-chain,github,201,112,61,0,0,0,0,157.331,19.85,9.29,62.03,,,,,488655,0.41698703
68,2563,TrueUSD,TUSD,https://www.trueusd.com/,,https://github.com/trusttoken/smart-contracts,trusttoken/smart-contracts,github,124,45,23,2.5,3,1.67,3,51.082,2.39,0.74,162.38,,,,,516872,0.26542633
69,5034,Kusama,KSM,https://kusama.network/,,https://github.com/kusamanetwork/KSM-dapp,kusamanetwork/KSM-dapp,github,18,5,7,0,0,0,0,55.756,0,0,250,JavaScript,30,0,0.10566,161201,0.391630143
70,131,Dash,DASH,https://www.dash.org/,https://newsroom.dash.org/,https://github.com/dashpay/dash,dashpay/dash,github,1573,4227,502,15.67,95.67,140.67,32,0.474,8.07,2.42,245.83,C++,10,8604,0.60882,59805,0.389503632
71,2130,Enjin Coin,ENJ,https://enjin.io/,,https://github.com/enjin/enjin-java-sdk,enjin/enjin-java-sdk,github,23,34,9,1.67,11.33,0,2.33,14.19,5.64,2.37,204.25,Java,1,0,0.25784,20736,0.32976316
72,5567,Celo,CELO,https://celo.org/,https://www.celocamp.com/,https://github.com/celo-org/celo-monorepo,celo-org/celo-monorepo,github,572,493,411,36.33,248.33,122,36,0.531,33.94,11.16,247.09,TypeScript,0,612,0.6291,30290,0.152578435
73,2694,Nexo,NEXO,http://nexo.io,,https://github.com/nexofinance/NEXO-Token,nexofinance/NEXO-Token,github,102,75,9,1,0,0.33,0,31.047,0,0,85.5,JavaScript,48,0,0.08735,2896,0.391630143
74,1697,Basic Attention Token,BAT,https://basicattentiontoken.org/,,https://github.com/brave-intl/bat-go,brave-intl/bat-go,github,42,39,37,8,97.33,32.33,51.33,1.204,4.54,0.15,558.67,Go,0,5,0.42328,28306,0.293311593
77,9903,Convex Finance,CVX,https://www.convexfinance.com/,,https://github.com/convex-eth/platform,convex-eth/platform,github,101,51,2,1,17.67,0,0,0.439,0,0,156.75,JavaScript,0,0,0.15381,27770,0.423998299
78,6945,Amp,AMP,https://amptoken.org,,https://github.com/amptoken/amp-token-contracts,amptoken/amp-token-contracts,github,54,18,3,1,0,0.33,0,13.461,0,0,0,JavaScript,16,0,0.17618,197773,0.391630143
79,5632,Arweave,AR,https://www.arweave.org,,https://github.com/ArweaveTeam/arweave,ArweaveTeam/arweave,github,572,208,142,9.67,37.33,13.67,1,0.819,8.6,0.91,134.54,C,0,17,0.46101,90612,0.339159384
80,1934,Loopring,LRC,https://loopring.org,,https://github.com/Loopring/protocols,Loopring/protocols,github,484,216,59,5,8.67,7,6.67,1.031,3.83,1.01,291.07,Solidity,1,74,0.39743,115954,0.408822322
81,5647,Kadena,KDA,http://kadena.io/,,https://github.com/kadena-io/chainweb-node,kadena-io/chainweb-node,github,195,111,72,9.33,112.67,54.33,17.67,0.516,9.37,1.26,257.67,Haskell,0,5,0.38634,47833,0.32404008
82,6538,Curve DAO Token,CRV,https://guides.curve.fi/everything-you-need-to-know-about-crv/,https://www.curve.fi/,https://github.com/curvefi/curve-contract,curvefi/curve-contract,github,675,358,41,2.5,0,2,1,0.698,8.29,0.31,115.32,Python,10,0,0.22719,11048,0.391630143
84,3330,Pax Dollar,USDP,https://www.paxos.com/usdp/,,https://github.com/paxosglobal/pax-contracts,paxosglobal/pax-contracts,github,74,106,15,0,0,0,0,225.448,0,0,108.11,Solidity,3,0,0.19815,54794,0.334226723
85,8646,Mina,MINA,https://minaprotocol.com/,,https://github.com/MinaProtocol/mina,MinaProtocol/mina,github,921,227,407,32.33,1088.67,236.33,77,0.392,21.97,5.91,111.82,OCaml,0,134,0.61806,99270,0.192521732
87,7653,Oasis Network,ROSE,https://oasisprotocol.org/,,https://github.com/oasisprotocol/oasis-core,oasisprotocol/oasis-core,github,175,68,54,10.33,492,130.33,39.33,0.148,9.17,0.61,251.07,Go,0,17,0.51053,27121,0.284939704
88,1168,Decred,DCR,https://decred.org/,https://proposals.decred.org/,https://github.com/decred/dcrd,decred/dcrd,github,722,692,195,10,24,59,15,0.211,7.87,2.76,397.27,Go,0,336,0.57773,116808,0.407609332
89,2700,Celsius,CEL,https://celsius.network/,,https://github.com/CelsiusNetwork/celsius-js-sdk,CelsiusNetwork/celsius-js-sdk,github,25,43,32,2,12,1,6,15.908,83.55,36.28,158.38,JavaScript,0,0,0.32987,9286,0.325777041
90,8677,Symbol,XYM,https://www.symbol.dev,https://github.com/symbol,https://github.com/symbol/symbol,symbol/symbol,github,15,5,14,9.5,840,290.5,64.5,1.903,1.27,0.69,36.5,C++,0,168127,0.61779,3877696,0.361761079
91,5692,Compound,COMP,https://compound.finance/governance/comp,,https://github.com/compound-finance/compound-protocol,compound-finance/compound-protocol,github,1308,1134,126,5.33,0,3.33,2.33,0.264,45.13,23.95,130.38,Solidity,4,6,0.35373,,0.368841888
92,2682,Holo,HOT,https://holochain.org/,https://holo.host,https://github.com/holochain/holochain,holochain/holochain,github,612,100,62,15,492,131.33,35,0.08,11.59,4.01,206.55,Rust,0,1189,0.62758,199920,0.402832008
93,5604,Secret,SCRT,https://scrt.network,,https://github.com/enigmampc/SecretNetwork,enigmampc/SecretNetwork,github,215,106,64,0,0,0,0,145.097,10.52,1.77,130.36,Rust,0,29,0.54599,52601,0.372024632
94,5864,yearn.finance,YFI,https://yearn.finance/,,https://github.com/yearn/yearn-protocol,yearn/yearn-protocol,github,170,69,13,0,0,0,0,0.386,3.32,1.55,22.86,Solidity,10,0,0.13764,21206,0.391630143
95,5068,Neutrino USD,USDN,https://neutrino.at/,,https://github.com/waves-exchange/neutrino-contract,waves-exchange/neutrino-contract,github,8,7,5,0,0,0,0,0.374,30.48,3.09,260.17,JavaScript,8,0,0.19223,285836,0.299884926
96,2777,IoTeX,IOTX,https://www.iotex.io/,,https://github.com/iotexproject/iotex-core,iotexproject/iotex-core,github,2596,822,131,13.67,82.67,292.33,43,0.386,13.89,3.92,291.18,Go,0,24,0.51819,109379,0.364890944
97,3801,BORA,BORA,https://boraecosystem.com,,https://github.com/boraecosystem/BORA-Platform-Sample-LoginTest,boraecosystem/BORA-Platform-Sample-LoginTest,github,0,1,1,0,0,0,0,375.333,0,0,0,Objective-C++,27,0,0.1368,116746,0.391630143
98,4279,SXP,SXP,https://solar.org,https://swipe.io,https://github.com/SwipeWallet/Swipe-Network,SwipeWallet/Swipe-Network,github,33,14,11,1,0,1,0,17.565,0,0,75.38,JavaScript,17,20,0.1622,812129,0.391630143
99,8857,Anchor Protocol,ANC,https://app.anchorprotocol.com,,https://github.com/Anchor-Protocol/anchor-web-app,Anchor-Protocol/anchor-web-app,github,86,72,75,14,109.67,93.67,13.67,0.134,4.28,0.89,114.44,TypeScript,0,2,0.47882,3054,0.418558263
100,1684,Qtum,QTUM,https://qtum.org/,,https://github.com/qtumproject/qtum,qtumproject/qtum,github,1387,1057,255,4.33,49.33,2,1,0.618,7.71,0.61,214.29,C++,4,37,0.4894,192589,0.279806516
101,1808,OMG Network,OMG,https://omg.network/,https://omisego.co/,https://github.com/omgnetwork/plasma-contracts,omgnetwork/plasma-contracts,github,47,26,13,1,0,0,1,8.793,22.41,28.41,223.5,JavaScript,12,2,0.22852,372618,0.391630143
102,2083,Bitcoin Gold,BTG,https://bitcoingold.org/,,https://github.com/BTCGPU/BTCGPU,BTCGPU/BTCGPU,github,768,896,508,3,0,3,1,5.847,2.33,0.56,84.89,C++,12,16,0.45061,359530,0.391630143
104,8104,1inch Network,1INCH,https://1inch.io/,,https://github.com/1inch/1inchProtocol,1inch/1inchProtocol,github,178,83,35,1,0,0.33,0,1.043,0.1,0.1,39.73,Solidity,11,0,0.1601,8993,0.391630143
106,4705,PAX Gold,PAXG,https://www.paxos.com/paxgold/,,https://github.com/paxosglobal/paxos-gold-contract,paxosglobal/paxos-gold-contract,github,21,27,7,1,0,0.33,2,2.393,28.44,28.44,413.8,JavaScript,14,0,0.08854,54794,0.334226723
107,7455,Audius,AUDIO,https://audius.co/,,https://github.com/AudiusProject/audius-protocol,AudiusProject/audius-protocol,github,424,97,56,20.67,1309.33,429,165.33,0.222,4.3,0.59,271.38,JavaScript,0,6,0.46323,25028,0.256610835
108,1727,Bancor,BNT,https://bancor.network/,,https://github.com/bancorprotocol/contracts-solidity,bancorprotocol/contracts-solidity,github,199,128,15,3.67,46,18.67,3.67,0.462,10.96,0.86,220.36,JavaScript,2,403,0.48182,41211,0.312109166
109,5777,renBTC,RENBTC,https://renproject.io/,,https://github.com/renproject/ren-js,renproject/ren-js,github,126,42,19,3,21,1.33,1.33,2.042,7.51,4.05,213.41,TypeScript,0,22,0.37669,92890,0.431181149
111,1659,Gnosis,GNO,https://gnosis.io/,,https://github.com/gnosis/safe-contracts,gnosis/safe-contracts,github,729,509,116,7.33,7,5.67,4.67,1.033,12.14,0.87,252.48,TypeScript,3,81,0.3777,86315,0.330714043
112,2577,Ravencoin,RVN,https://ravencoin.org/,https://getravencoin.org/,https://github.com/RavenProject/Ravencoin,RavenProject/Ravencoin,github,1101,1409,401,11.67,13.5,30.33,9,0.827,32.2,4.57,207.16,C,10,88,0.49186,92730,0.407420048
113,2099,ICON,ICX,https://iconrepublic.org/,,https://github.com/icon-project/goloop,icon-project/goloop,github,46,28,28,5.67,156,5.33,7,3.985,8.58,0.75,227.14,Go,0,7,0.44059,383039,0.423619438
114,4846,Kava,KAVA,https://www.kava.io/,https://app.kava.io/,https://github.com/Kava-Labs/kava,Kava-Labs/kava,github,364,649,185,12,183.33,47.67,28.67,0.751,5.96,2.97,125.64,Go,1,42,0.48254,50394,0.237971309
115,2586,Synthetix,SNX,https://www.synthetix.io/,,https://github.com/Synthetixio/synthetix,Synthetixio/synthetix,github,777,572,141,12.67,277,123,29,0.475,9.04,0.94,215.84,JavaScript,0,1937,0.59737,64685,0.373194204
116,3640,Livepeer,LPT,https://livepeer.org/,,https://github.com/livepeer/go-livepeer,livepeer/go-livepeer,github,503,232,145,22.33,165,177.33,27.67,0.07,20.08,6.8,246.27,Go,0,44,0.54467,102417,0.279092309
117,9444,Kyber Network Crystal v2,KNC,https://kyber.network/,,https://github.com/KyberNetwork/KyberSwap,KyberNetwork/KyberSwap,github,246,177,36,1,0,0.67,3,0.362,15.03,15.03,276.7,HTML,12,132,0.36724,165013,0.334226723
119,2300,WAX,WAXP,https://wax.io/,,https://github.com/worldwide-asset-exchange/wax-blockchain,worldwide-asset-exchange/wax-blockchain,github,113,55,36,2.67,88.5,1.33,2,5.684,2.83,0.22,152,C++,1,4,0.43618,3556,0.341451529
120,6836,Moonbeam,GLMR,https://moonbeam.network/,https://moonbeam.foundation/,https://github.com/PureStake/moonbeam,PureStake/moonbeam,github,620,197,151,28.67,391,252.67,67,0.011,8.18,0.96,141.71,TypeScript,0,86,0.54124,14380,0.216877156
121,2469,Zilliqa,ZIL,https://www.zilliqa.com/,,https://github.com/Zilliqa/Zilliqa,Zilliqa/Zilliqa,github,1193,613,191,8.33,118,21,10,0.132,6.51,0.86,267.46,C++,1,1515,0.57185,46382,0.416841424
122,1698,Horizen,ZEN,https://www.horizen.io/,https://academy.horizen.io/,https://github.com/HorizenOfficial/zen,HorizenOfficial/zen,github,131,63,56,7,21.33,18,3,0.112,15.51,0.82,157.05,C++,0,21,0.58055,119671,0.283055821
123,8075,Rally,RLY,https://vaults.rally.io/vaults,https://rally.io/,https://github.com/starcard-org/yield-delegation,starcard-org/yield-delegation,github,12,3,7,1,0,0.33,1,42.486,38.75,28.61,78.67,JavaScript,17,0,0.12395,42162,0.391630143
126,5617,UMA,UMA,https://umaproject.org/,,https://github.com/UMAprotocol/protocol,UMAprotocol/protocol,github,298,271,76,11.67,236.67,330,57.33,0.461,2.75,0.88,183,JavaScript,0,6,0.4342,256251,0.306740048
127,4269,GateToken,GT,https://gatechain.io/,,https://github.com/gatechain/node-binary,gatechain/node-binary,github,5,1,11,1,1,0,0,24.326,0.13,0.13,105.33,Shell,1,3,0.1337,420750,0.41698703
128,4747,Velas,VLX,https://velas.com,,https://github.com/velas/velas-chain,velas/velas-chain,github,39,25,25,5.33,33.67,5,6.67,0.51,13.33,2.82,131.87,Rust,0,0,0.4505,26048,0.241347142
131,1455,Golem,GLM,https://golem.network/,,https://github.com/golemfactory/yagna,golemfactory/yagna,github,230,31,87,14.67,83.33,45.33,16.33,0.806,17.08,4,265.55,Rust,0,120,0.51185,142688,0.323650209
132,4566,DigitalBits,XDB,http://www.digitalbits.io/,,https://github.com/xdbfoundation/DigitalBits,xdbfoundation/DigitalBits,github,5,2,8,1.67,13,1.33,2.33,0.951,4.19,1.2,164.14,C++,1,3,0.28292,622068,0.362159063
133,1896,0x,ZRX,https://0x.org/,,https://github.com/0xProject/0x-monorepo,0xProject/0x-monorepo,github,1072,947,281,0,0,0,0,4.25,2.27,2.27,198.7,TypeScript,11,1935,0.47199,90571,0.285478504
134,2405,IOST,IOST,http://iost.io/,,https://github.com/iost-official/go-iost,iost-official/go-iost,github,431,164,84,2,0,0.67,0,3.953,8.26,0.08,231.77,Go,0,235,0.46131,613357,0.414450028
135,2566,Ontology,ONT,https://ont.io/,,https://github.com/ontio/ontology,ontio/ontology,github,1103,923,157,2.67,2.67,0.33,3.33,1.105,8.28,0.6,209.22,Go,0,81,0.47353,246668,0.41698703
138,5691,SKALE Network,SKL,https://skale.network/,,https://github.com/skalenetwork/skale-consensus,skalenetwork/skale-consensus,github,59,30,15,4.67,147.67,5.33,11.67,0.91,13.44,0.98,623.8,C++,0,10,0.36665,226717,0.376643402
139,1772,Storj,STORJ,https://storj.io/,,https://github.com/storj/storj,storj/storj,github,2402,686,356,35.67,123.33,95,14.67,0.335,9.63,2.06,287.71,Go,0,362,0.60699,41336,0.257721025
140,8642,Fei USD,FEI,https://fei.money/,,https://github.com/fei-protocol/fei-protocol-core,fei-protocol/fei-protocol-core,github,158,78,21,6.67,586.67,309.33,70.33,0.267,4.02,0.84,122.91,TypeScript,0,70,0.48637,145863,0.328068608
141,6758,SushiSwap,SUSHI,https://sushi.com/,,https://github.com/sushiswap/sushiswap,sushiswap/sushiswap,github,1495,1749,112,3.33,0,1,1,0.644,15.3,3.91,69.81,Solidity,1,1323,0.41747,3863,0.289257935
143,11289,Spell Token,SPELL,https://abracadabra.money/,,https://github.com/Abracadabra-money/magic-internet-money,Abracadabra-money/magic-internet-money,github,128,65,10,4.67,52.67,7,7.67,0.276,15.66,6.92,111.38,Solidity,0,3,0.24183,8939,0.305070341
144,5566,Keep Network,KEEP,https://keep.network,,https://github.com/keep-network/tbtc,keep-network/tbtc,github,233,65,41,2.5,11.5,2.67,7,4.028,15.96,4.92,172.09,Go,0,298,0.48274,270689,0.335655655
147,541,Syscoin,SYS,http://syscoin.org,,https://github.com/syscoin/syscoin,syscoin/syscoin,github,156,227,127,7.33,147.67,27.67,0,2.242,9.09,0.58,416.22,C++,4,220,0.64074,102641,0.200915227
148,3911,Ocean Protocol,OCEAN,https://oceanprotocol.com/,,https://github.com/oceanprotocol/market,oceanprotocol/market,github,125,142,71,16,237,228.33,26.67,0.362,17.48,5.12,173.83,TypeScript,0,43,0.49946,122181,0.283707158
149,2394,Telcoin,TEL,https://www.telco.in/,,https://github.com/telcoin/plaid,telcoin/plaid,github,14,9,4,0,0,0,0,8.383,1.94,0.88,167,Rust,0,0,0.17776,362472,0.396623641
151,5370,Hive,HIVE,https://hive.io/,,https://github.com/openhive-network/hive,openhive-network/hive,github,282,133,34,1,371.67,0,0,0.575,73.4,73.4,189.8,C++,4,0,0.3124,76694,0.272262666
152,2496,Polymath,POLY,https://www.polymath.network/,,https://github.com/PolymathNetwork/polymath-core,PolymathNetwork/polymath-core,github,386,310,65,1.5,0,0,1.5,6.968,0,0,241.78,JavaScript,5,61,0.37095,261331,0.334226723
154,2539,Ren,REN,https://renproject.io/,,https://github.com/renproject/ren-js,renproject/ren-js,github,126,42,19,3,21,1.33,1.33,2.042,7.51,4.05,213.41,TypeScript,0,22,0.37669,92890,0.431181149
155,4948,Nervos Network,CKB,http://nervos.org/,,https://github.com/nervosnetwork/ckb,nervosnetwork/ckb,github,1052,390,105,11,115,165,33,0.395,6.73,1.24,294.79,Rust,0,454,0.60678,117078,0.362114551
156,3029,Flux,FLUX,https://runonflux.io/,https://zelcore.io/,https://github.com/RunOnFlux/flux,RunOnFlux/flux,github,84,60,52,13.33,125,32.33,31,0.505,2.68,0.21,60.29,JavaScript,0,12,0.4994,26896,0.367241686
158,11156,dYdX,DYDX,https://dydx.community,,https://github.com/dydxfoundation/governance-contracts,dydxfoundation/governance-contracts,github,26,5,8,3.5,29.5,16.67,5.5,5.078,1.97,0.75,61.6,Solidity,2,0,0.12976,123711,0.342727031
160,109,DigiByte,DGB,https://digibyte.org/,https://dgbwiki.com/,https://github.com/DigiByte-Core/digibyte,DigiByte-Core/digibyte,github,81,59,34,5.33,6,14,2.33,11.677,5.59,3.64,248.55,C++,8,0,0.41656,189663,0.368575061
161,5964,Trust Wallet Token,TWT,https://trustwallet.com/,,https://github.com/trustwallet/wallet-core,trustwallet/wallet-core,github,1277,1103,499,52,91.33,158.67,17.67,0.105,8.77,0.86,120.87,C++,0,6,0.52711,5257,0.378250062
162,13855,Ethereum Name Service,ENS,https://ens.domains/,,https://github.com/ensdomains/ens,ensdomains/ens,github,506,361,62,5,0,0.33,1,0.642,0.64,0.53,218.66,JavaScript,14,592,0.3946,4928,0.391630143
165,6950,Perpetual Protocol,PERP,https://perp.com,https://app.perp.com/,https://github.com/perpetual-protocol/perpetual-protocol,perpetual-protocol/perpetual-protocol,github,96,55,17,1.33,1,0.33,1,0.472,3.13,0.05,86.09,TypeScript,2,0,0.24007,137794,0.414557487
166,4761,NuCypher,NU,https://nucypher.com,,https://github.com/nucypher/nucypher,nucypher/nucypher,github,576,428,142,8.67,90,81.33,12.67,0.303,30.82,8.14,240.8,Python,0,99,0.50845,405358,0.343367028
167,1567,Nano,XNO,http://nano.org/en,,https://github.com/nanocurrency/nano-node,nanocurrency/nano-node,github,1225,572,222,17,58.67,86.33,30.67,0.595,9.11,0.99,210.63,C++,0,230,0.54286,88698,0.282890558
168,7461,PlayDapp,PLA,https://playdapp.io,,https://github.com/playdapp/PLA,playdapp/PLA,github,0,0,2,1,0,0,2,41.083,28.49,28.49,573,JavaScript,23,0,0.02872,155722,0.334226723
169,11584,Braintrust,BTRST,https://www.braintrust.com,,https://github.com/Snowfork/BTRST-Contracts,Snowfork/BTRST-Contracts,github,13,10,4,2,1,0,2.5,3.438,29.53,29.53,59.33,JavaScript,3,0,0.1774,,0.300378582
171,5899,Casper,CSPR,https://casper.network/,,https://github.com/casper-network/casper-node,casper-network/casper-node,github,212,99,55,20.67,404,420.67,51,0.547,32.03,6.81,176.4,Rust,0,103,0.52796,192986,0.249264333
172,6953,Frax Share,FXS,https://frax.finance/#welcome,,https://github.com/FraxFinance/frax-solidity,FraxFinance/frax-solidity,github,214,104,21,3,19,0.33,7,0.92,5.79,4.49,135.44,Solidity,0,25,0.35062,62731,0.353660197
173,10903,Coin98,C98,https://www.coin98.com/,,https://github.com/coin98/saros-sdk,coin98/saros-sdk,github,1,1,1,1,4,0,0,70.026,0,0,0,JavaScript,2,0,0.02077,59872,0.440843502
174,7281,Persistence,XPRT,https://persistence.one,,https://github.com/persistenceOne/persistenceCore,persistenceOne/persistenceCore,github,17,14,14,3,13.5,3.33,3.33,0.097,15.77,1.17,163.77,Go,0,17,0.41365,121285,0.432140184
175,3814,Celer Network,CELR,https://www.celer.network/#,,https://github.com/celer-network/goCeler-oss,celer-network/goCeler-oss,github,203,14,7,1,0,0.33,0,31.701,3.14,3.14,188.43,Go,9,0,0.13608,31595,0.391630143
176,1214,Lisk,LSK,https://Lisk.com/,,https://github.com/LiskHQ/lisk-core,LiskHQ/lisk-core,github,144,90,63,5.33,71.5,14.67,6.5,4.9,10.62,2.99,364.7,TypeScript,0,88,0.4942,323639,0.332490702
177,4206,WINkLink,WIN,https://winklink.org/,,https://github.com/wink-link/winklink,wink-link/winklink,github,29,17,8,1,0,0.67,1,9.048,0.38,0.38,81.25,Java,6,0,0.16555,254096,0.41698703
178,5117,Origin Protocol,OGN,https://www.originprotocol.com,https://www.story.xyz,https://github.com/OriginProtocol/origin,OriginProtocol/origin,github,390,264,119,4.67,28,0.67,5.33,3.198,35.92,8.34,252.03,JavaScript,4,494,0.42983,75527,0.333059081
179,7226,Injective,INJ,https://injective.com,,https://github.com/InjectiveLabs/injective-ts,InjectiveLabs/injective-ts,github,15,5,8,2.67,49,1,4.67,2.899,0.48,0.22,112,TypeScript,0,12,0.35717,1418754,0.327361499
183,3773,Fetch.ai,FET,https://fetch.ai/,https://community.fetch.ai/,https://github.com/fetchai/agents-aea,fetchai/agents-aea,github,124,66,51,7.67,45.33,26,5.67,0.877,10.31,2.02,275.19,Python,3,158,0.47475,155169,0.336959851
184,3628,MXC,MXC,https://www.mxc.org/,,https://github.com/mxc-foundation/node-prod-firmware,mxc-foundation/node-prod-firmware,github,8,6,1,0,0,0,0,310.663,0,0,1,C,32,0,0.07656,260382,0.391630143
188,2765,XYO,XYO,https://xyo.network/,,https://github.com/XYOracleNetwork/xyo-foundation,XYOracleNetwork/xyo-foundation,github,49,18,6,1,0,0.33,0,22.444,28.25,28.25,116.8,None,6,0,0.18203,203076,0.391630143
191,9258,Chia,XCH,https://www.chia.net/,,https://github.com/XYOracleNetwork-v1/client-xyo-nodejs,XYOracleNetwork-v1/client-xyo-nodejs,github,1,1,3,2,1,0,1.5,0.383,0,0,70,TypeScript,23,0,0.14214,50811,0.334226723
192,2303,MediBloc,MED,https://medibloc.com/en/,,https://github.com/medibloc/panacea-core,medibloc/panacea-core,github,52,24,14,3.67,28,56.33,6.67,1.214,11.65,1.31,194.7,Go,0,0,0.30768,1041664,0.423998299
193,3992,COTI,COTI,https://coti.io/,,https://github.com/coti-io/coti-node,coti-io/coti-node,github,121,35,7,4.33,48.67,1.33,0.5,1.709,14.85,9.81,355.18,Java,0,0,0.32729,141242,0.377105917
194,3217,Ontology Gas,ONG,https://ont.io/,,https://github.com/ontio/ontology,ontio/ontology,github,1103,923,157,2.67,2.67,0.33,3.33,1.105,8.28,0.6,209.22,Go,0,81,0.47353,246668,0.41698703
195,3884,Function X,FX,https://functionx.io/,,https://github.com/FunctionX/fx-core,FunctionX/fx-core,github,9,2,6,2.67,8,10,0,24.2,17.86,3.03,103.2,Go,2,0,0.20671,435668,0.41698703
196,2071,Request,REQ,https://request.network/,,https://github.com/RequestNetwork/requestNetwork,RequestNetwork/requestNetwork,github,205,91,44,11,202.33,124,29.67,0.156,5.73,0.78,260.91,TypeScript,0,46,0.4943,193171,0.332499424
197,9285,Moonriver,MOVR,https://moonbeam.network/networks/moonriver/,https://moonbeam.foundation/,https://github.com/PureStake/moonbeam,PureStake/moonbeam,github,620,197,151,28.67,391,252.67,67,0.011,8.18,0.96,141.71,TypeScript,0,86,0.54124,14380,0.216877156
199,3835,Orbs,ORBS,https://www.orbs.com/,,https://github.com/orbs-network/orbs-network-go,orbs-network/orbs-network-go,github,71,28,32,1.5,17,0,1,75.987,1.84,0.03,413.31,Go,2,285,0.34942,275725,0.381128342
201,5015,HEX,HEX,https://hex.com/,https://go.hex.win/,https://github.com/BitcoinHEX/contract,BitcoinHEX/contract,github,68,75,18,2,0,0.5,0,34.73,0,0,200.18,Solidity,36,0,0.07093,17200,0.391630143
202,18579,Wrapped TRON,WTRX,https://tron.network/,,https://github.com/tronprotocol/java-tron,tronprotocol/java-tron,github,3552,2191,977,28,76,53,34,0.116,5.87,0.88,147.21,Java,1,14036,0.64553,23239,0.41698703
203,8085,Lido stETH,STETH,https://lido.fi/,,https://github.com/lidofinance/lido-dao,lidofinance/lido-dao,github,110,45,44,6.67,64,27,6.67,1.312,11.01,1.33,128.71,JavaScript,5,30,0.367,37445,0.396316845
204,6952,Frax,FRAX,https://frax.finance/#welcome,,https://github.com/FraxFinance/frax-solidity,FraxFinance/frax-solidity,github,214,104,21,3,19,0.33,7,0.92,5.79,4.49,135.44,Solidity,0,25,0.35062,62731,0.353660197
205,12220,Osmosis,OSMO,https://osmosis.zone/,,https://github.com/osmosis-labs/osmosis,osmosis-labs/osmosis,github,417,158,134,37.33,371,382.67,76.33,0.481,12.76,1.03,101.04,Go,0,16,0.52597,4713,0.320844489
206,11419,Toncoin,TON,https://ton.org/,,https://github.com/newton-blockchain/ton,newton-blockchain/ton,github,295,66,18,5,28.33,3,8.33,0.567,7.22,0.33,148.72,C++,2,2,0.25803,21468,0.400631519
208,3718,BitTorrent,BTTOLD,https://www.bittorrent.com/btt/,,https://github.com/bittorrent/go-btfs,bittorrent/go-btfs,github,51,40,58,20,76.33,46,16.33,0.189,3.46,0.94,31.31,Go,1,14,0.57777,6453,0.416839688
210,11498,Chainbing,CBG,https://www.chainbing.io,,https://github.com/chainbing/node,chainbing/node,github,1,1,1,1,3.5,0,0,75.05,0,0,153,Go,2,0,0.053,952266,0.41698703
211,5804,DeFiChain,DFI,https://defichain.com/,,https://github.com/DeFiCh/ain,DeFiCh/ain,github,309,109,200,46.67,329.67,212.67,38,0.804,11.43,1.88,131.83,C++,0,31,0.63396,181681,0.330630992
214,7961,Venus BNB,vBNB,https://app.venus.io/dashboard,,https://github.com/VenusProtocol/venus-protocol,VenusProtocol/venus-protocol,github,154,87,47,4.67,110.67,15.67,5.33,3.023,31.67,10.6,83.47,Solidity,0,27,0.4278,28451,0.430319766
215,9566,Liquity USD,LUSD,https://www.liquity.org/,,https://github.com/liquity/dev,liquity/dev,github,128,165,34,5.33,3,23,14.33,1.138,7.19,3.92,92,JavaScript,0,880,0.50821,220064,0.308294743
216,11221,BitDAO,BIT,https://www.bitdao.io/,,https://github.com/bitdao-io/bitdao-interface,bitdao-io/bitdao-interface,github,0,0,2,1,1,0,0,4.847,0,0,130,Vue,0,0,0.17645,79627,0.422448719
217,5830,NXM,NXM,https://nexusmutual.io/,,https://github.com/NexusMutual/smart-contracts,NexusMutual/smart-contracts,github,108,48,13,4.33,79.67,19,11.33,0.058,10.1,3.18,385.08,JavaScript,3,7,0.39823,94537,0.34289743
218,5482,Counos X,CCXX,https://www.counos.io/CounosX,https://www.counos.io/counos-x-roadmap,https://github.com/counos-platform/counos-X,counos-platform/counos-X,github,4,3,2,1,3,0,0,55.917,1.32,1.32,663.5,C++,2,0,0.35684,812152,0.380514134
219,7548,WEMIX,WEMIX,https://wemixnetwork.com/,,https://github.com/wemade-tree/contract-reference,wemade-tree/contract-reference,github,0,0,1,0,0,0,0,645.152,0,0,14,,,,,39070,0.391630143
220,5185,KOK,KOK,http://kok-chain.io,,https://github.com/KOK-Foundation/ERC-20,KOK-Foundation/ERC-20,github,0,0,1,0,0,0,0,761.359,0,0,7,None,35,0,0.01982,862371,0.391630143
223,9640,MetisDAO,METIS,https://www.metis.io,,https://github.com/MetisProtocol/metis,MetisProtocol/metis,github,40,8,4,1.5,2,0.33,1.5,5.968,28.52,28.52,207,Solidity,11,0,0.10605,39850,0.336181374
224,5514,The Transfer Token,TTT,https://www.atom-solutions.jp/en/xecttt/,https://www.atom-solutions.jp/en/,https://github.com/atom-solutions/TheTransferToken,atom-solutions/TheTransferToken,github,1,4,3,1,2,0,0,31.048,0,0,507,Solidity,3,0,0.13715,807725,0.423998299
225,268,WhiteCoin,XWC,http://whitecoin.info/,http://xwc.com/,https://github.com/Whitecoin-XWC/Whitecoin-core,Whitecoin-XWC/Whitecoin-core,github,10,5,12,3,20,1,5,88.392,10.39,1.26,181.75,C++,2,2,0.24723,1053716,0.413745933
226,7878,MobileCoin,MOB,https://mobilecoin.foundation/,https://www.mobilecoin.com/,https://github.com/mobilecoinfoundation/mobilecoin,mobilecoinfoundation/mobilecoin,github,981,93,68,13,325.67,317,95,0.281,10.19,1.88,179.04,Rust,0,6,0.47008,1184759,0.329601695
227,8000,Lido DAO Token,LDO,https://lido.fi/,,https://github.com/lidofinance/lido-dao,lidofinance/lido-dao,github,110,45,44,6.67,64,27,6.67,1.312,11.01,1.33,128.71,JavaScript,5,30,0.367,37445,0.396316845
228,2943,Rocket Pool,RPL,https://www.rocketpool.net/,,https://github.com/rocket-pool/rocketpool,rocket-pool/rocketpool,github,561,174,39,2,2,1,2.33,0.876,21.92,9.25,275.61,JavaScript,1,68,0.40551,221920,0.438649361
229,3951,Pirate Chain,ARRR,https://pirate.black/,,https://github.com/PirateNetwork/pirate,PirateNetwork/pirate,github,77,50,53,3,5,1.5,1,0.453,12.15,0.37,272.39,C++,0,9,0.52392,315204,0.379417036
230,4121,Sapphire,SAPP,https://sappcoin.com/,,https://github.com/sappcoin-com/SAPP,sappcoin-com/SAPP,github,10,37,12,1,18,0,0,54.612,0,0,204.91,,,,,470155,0.278311286
232,11346,Radio Caca,RACA,https://www.radiocaca.com/,,https://github.com/radiocaca/radio-caca,radiocaca/radio-caca,github,60,16,2,0,0,0,0,5.366,0,0,108.5,Solidity,5,0,0.1368,14550,0.41698703
233,10442,Decentralized Social,DESO,https://deso.org,,https://github.com/deso-protocol/core,deso-protocol/core,github,56,44,36,14.33,62.33,75.67,22.33,0.284,4.2,0.78,94.57,Go,0,0,0.40087,47199,0.334911551
238,10778,Metahero,HERO,https://metahero.io,,https://github.com/metahero-io/metahero-contracts,metahero-io/metahero-contracts,github,28,5,1,0,0,0,0,65.497,0.86,0.97,131,TypeScript,4,0,0.09837,45425,0.381128342
239,4660,Telos,TLOS,https://telos.net/,,https://github.com/telosnetwork/telos-decide,telosnetwork/telos-decide,github,25,24,6,0,0,0,0,4.72,0,0,118,C++,4,0,0.18323,92145,0.391630143
240,12885,Astar,ASTR,https://astar.network/,,https://github.com/AstarNetwork/Astar,AstarNetwork/Astar,github,112,18,24,10,85.67,31.33,11.67,0.007,5.09,1.4,61.85,Rust,0,0,0.39956,24911,0.327891437
243,5625,LUKSO,LYXe,https://lukso.network,,https://github.com/lukso-network/rICO-smart-contracts,lukso-network/rICO-smart-contracts,github,30,26,10,1,0,0,1,1.996,0,0,141.5,JavaScript,29,0,0.15904,271743,0.334226723
244,14556,Boba Network,BOBA,https://boba.network/,,https://github.com/bobanetwork/boba,bobanetwork/boba,github,7,1,12,0,0,0,0,0.33,2.4,0.28,12.5,Go,0,0,0.41368,57786,0.333789621
246,2467,OriginTrail,TRAC,https://origintrail.io/,,https://github.com/OriginTrail/ot-node,OriginTrail/ot-node,github,156,86,74,12.67,159,89.67,30,0.83,6.99,1.02,328.81,JavaScript,3,129,0.5157,383140,0.338679316
247,3964,Reserve Rights,RSR,https://reserve.org/,,https://github.com/reserve-protocol/smart-contracts,reserve-protocol/smart-contracts,github,7,0,1,0,0,0,0,407.531,0,0,339,JavaScript,14,0,0.19241,141770,0.391630143
248,1759,Status,SNT,http://status.im/,,https://github.com/status-im/status-go,status-im/status-go,github,707,487,184,17.67,232,122.33,27.67,0.276,13.94,4.79,332.34,Go,0,83,0.60067,184010,0.276497622
249,7505,Everscale,EVER,https://everscale.network,https://flatqube.io/swap,https://github.com/tonlabs/TON-SDK,tonlabs/TON-SDK,github,108,81,47,10.33,81.67,4.33,38,0.962,2.24,0.55,301.87,,,,,342588,0.405465626
252,7334,Conflux,CFX,https://confluxnetwork.org/,,https://github.com/Conflux-Chain/conflux-rust,Conflux-Chain/conflux-rust,github,544,268,103,8.33,232,17.33,51.67,0.25,10,0.9,278.76,Rust,0,28,0.49752,220296,0.412301988
253,1816,Civic,CVC,https://www.civic.com/,,https://github.com/civicteam/npm-civic-sip-api,civicteam/npm-civic-sip-api,github,26,11,31,1,0,0,1,43.441,0,0,335.44,JavaScript,14,0,0.19506,156429,0.334226723
254,2982,MVL,MVL,http://mvlchain.io,,https://github.com/mvlchain/mvltoken,mvlchain/mvltoken,github,5,9,3,0,0,0,0,27.578,0,0,56.5,JavaScript,46,0,0.05467,476191,0.391630143
256,3600,Humanscape,HUM,https://humanscape.io/,,https://github.com/humanscape/eslint-config,humanscape/eslint-config,github,12,0,2,0,0,0,0,423.949,0,0,3,JavaScript,24,0,0.09662,84821,0.391630143
257,2868,Constellation,DAG,https://www.constellationnetwork.io,,https://github.com/Constellation-Labs/constellation,Constellation-Labs/constellation,github,151,88,38,1,1,0,3,2.135,4.39,0.04,391.51,Scala,1,15,0.41236,117824,0.33774888
258,1680,Aragon,ANT,https://aragon.org/,,https://github.com/aragon/govern,aragon/govern,github,134,36,42,5,8,3.33,4.67,1,1.76,0.25,110.82,TypeScript,1,37,0.42521,46443,0.365797385
260,11396,JOE,JOE,https://www.traderjoexyz.com/#/home,,https://github.com/traderjoe-xyz/joe-core,traderjoe-xyz/joe-core,github,79,59,15,6.67,175.67,133.33,13.67,0.554,6.17,0.42,97.54,Solidity,4,148,0.30573,2392,0.214096779
261,7486,Rari Governance Token,RGT,http://rari.capital/,,https://github.com/Rari-Capital/solmate,Rari-Capital/solmate,github,1344,155,70,21.33,57,76.67,14.33,0.073,10.7,2.34,44.24,,,,,60423,0.373895564
262,9543,Biconomy,BICO,https://biconomy.io,,https://github.com/bcnmy/metatx-standard,bcnmy/metatx-standard,github,93,51,18,2.33,3,1,1,5.511,0.14,0.07,176.58,JavaScript,21,0,0.13826,98167,0.436724544
263,2299,aelf,ELF,http://aelf.com/,,https://github.com/AElfProject/AElf,AElfProject/AElf,github,947,546,92,3,44,2.33,1,3.42,17.36,12.4,285.64,C#,7,5996,0.439,231125,0.41698703
264,5268,Energy Web Token,EWT,https://www.energyweb.org/,,https://github.com/energywebfoundation/origin,energywebfoundation/origin,github,88,91,61,8.33,486.67,21.33,52.33,0.056,3.35,0.28,207.09,TypeScript,0,129,0.52824,271436,0.293219199
265,5892,Anyswap,ANY,https://anyswap.exchange/dashboard,,https://github.com/anyswap/CrossChain-Bridge,anyswap/CrossChain-Bridge,github,165,84,24,3,43.33,0.33,2,1.885,25.86,0.28,205.44,Go,2,0,0.25805,13682,0.41698703
267,5444,Cartesi,CTSI,https://cartesi.io/,,https://github.com/cartesi/machine-solidity-step,cartesi/machine-solidity-step,github,74,7,4,1,0,0.33,1.5,40.609,29.23,29.23,364,Solidity,22,0,0.18859,201621,0.316817688
268,7737,API3,API3,https://api3.org/,,https://github.com/api3dao/airnode,api3dao/airnode,github,101,71,43,14.33,602.67,349.67,50,0.185,9.27,1.4,155.19,TypeScript,0,78,0.51965,89792,0.30943434
269,3441,Divi,DIVI,https://www.diviproject.org/,,https://github.com/Divicoin/Divi,Divicoin/Divi,github,25,48,32,0,0,0,0,1060.761,0,0,108.71,,,,,479530,0.396623641
270,5026,Orchid,OXT,https://www.orchid.com/,,https://github.com/OrchidTechnologies/orchid,OrchidTechnologies/orchid,github,519,117,73,4,61.33,1.33,3.5,0.621,27.74,5.3,177.25,C++,0,62,0.47354,245815,0.316824087
271,1732,Numeraire,NMR,https://numer.ai/,,https://github.com/numerai/numerapi,numerai/numerapi,github,71,17,3,0,0,0,0,7.872,0,0,0,Python,11,2,0.21699,172734,0.33858659
275,6958,Alchemy Pay,ACH,https://alchemypay.org/,,https://github.com/Alchemy-GPS/cryptocurrency-cashier-android,Alchemy-GPS/cryptocurrency-cashier-android,github,5,2,1,0,0,0,0,544.092,0,0,0,Java,39,0,0.06436,840143,0.391630143
277,14803,Aurora,AURORA,https://aurora.dev/,,https://github.com/aurora-is-near/aurora-engine,aurora-is-near/aurora-engine,github,195,34,42,14.33,112.67,106,15,0.89,8.83,1.26,142.43,Rust,0,5,0.41513,51758,0.281500032
278,5031,MimbleWimbleCoin,MWC,https://www.mwc.mw/,,https://github.com/mwcproject/mwc-node,mwcproject/mwc-node,github,29,57,21,1.5,1,0.5,0,6.754,59.96,2.61,171.56,Rust,8,0,0.31234,903171,0.348333398
279,16463,OpenDAO,SOS,https://www.theopendao.com/,,https://github.com/The-OpenDAO/theopendao-interface,The-OpenDAO/theopendao-interface,github,8,2,6,4,13,0.5,0,17.227,14.69,14.69,23,Vue,3,3,0.10079,12959,0.41698703
280,6951,Reef,REEF,https://reef.io/,,https://github.com/reef-defi/reef-client,reef-defi/reef-client,github,25,7,9,0,0,0,0,20.156,7.08,0.12,96.83,TypeScript,6,16,0.15197,129492,0.381128342
282,693,Verge,XVG,http://vergecurrency.com/,,https://github.com/vergecurrency/verge,vergecurrency/verge,github,160,76,70,2.67,4.33,1.33,0.5,5.753,34.9,20.15,121.05,C++,2,171,0.46341,167150,0.317577604
284,10746,Biswap,BSW,https://biswap.org/,,https://github.com/biswap-org/core,biswap-org/core,github,11,11,2,0,0,0,0,35.883,0,0,0,TypeScript,20,0,0.13794,6222,0.391630143
285,9417,Maple,MPL,https://maple.finance/,,https://github.com/maple-labs/maple-core,maple-labs/maple-core,github,51,14,11,1,2.5,0,1,1.996,6.83,0.6,133.6,Shell,20,14,0.20748,220382,0.362280393
286,8489,XSGD,XSGD,https://www.straitsx.com/,,https://github.com/Xfers/StraitsX-tokens,Xfers/StraitsX-tokens,github,9,5,5,0,0,0,0,98.897,0,0,226.4,JavaScript,4,0,0.17696,149181,0.391630143
287,3662,HedgeTrade,HEDG,https://hedgetrade.com/,,https://github.com/rublixdev/hedgtokenmint,rublixdev/hedgtokenmint,github,6,11,3,0,0,0,0,31.039,0,0,171,None,36,0,0.06804,620458,0.391630143
288,10750,Qredo,QRDO,https://www.qredo.com/,,https://github.com/qredo/partner-api-sign,qredo/partner-api-sign,github,6,0,3,0,0,0,0,22.608,0.76,0.76,362,Go,14,0,0.11537,111458,0.397545543
289,15478,Decentral Games,DG,https://decentral.games,,https://github.com/decentralgames/games,decentralgames/games,github,6,3,2,0,0,0,0,57.769,0,0,88.5,JavaScript,10,0,0.07426,34582,0.391630143
290,11171,Mango,MNGO,https://mango.markets/,,https://github.com/blockworks-foundation/mango,blockworks-foundation/mango,github,105,24,9,0,0,0,0,13.167,4.27,0.37,78.71,Rust,7,197,0.2434,48092,0.391630143
291,1104,Augur,REP,http://www.augur.net/,,https://github.com/AugurProject/augur,AugurProject/augur,github,888,508,225,1,0,0.33,2,1.438,14.54,3.54,312.57,TypeScript,5,2412,0.45187,252238,0.323124778
292,12999,ssv.network,SSV,https://ssv.network/,,https://github.com/bloxapp/ssv-web,bloxapp/ssv-web,github,5,7,5,1.33,21.67,0.33,0,7.079,0.28,0.02,136.5,TypeScript,0,7,0.27572,306596,0.376916526
293,1637,iExec RLC,RLC,https://iex.ec/,https://docs.iex.ec/,https://github.com/iExecBlockchainComputing/iexec-sdk,iExecBlockchainComputing/iexec-sdk,github,442,55,31,1,17,0,1,1.049,0.6,0.1,223.36,JavaScript,0,23,0.38986,540371,0.338711532
294,3012,VeThor Token,VTHO,https://www.vechain.org/,,https://github.com/vechain/thor,vechain/thor,github,814,395,94,3.33,5,2.67,2,0.055,9.78,0.82,218.78,Go,0,57,0.41564,62594,0.41698703
297,8420,DAO Maker,DAO,https://daomaker.com/,,https://github.com/daomaker/tokens-vesting-contract,daomaker/tokens-vesting-contract,github,4,7,1,1,0,0,1,0.596,0,0,0,Solidity,22,0,0.01915,13225,0.391630143
298,6651,USDX [Kava],USDX,https://kava.io,,https://github.com/Kava-Labs/kava,Kava-Labs/kava,github,364,649,185,12,183.33,47.67,28.67,0.751,5.96,2.97,125.64,Go,1,42,0.48254,50394,0.237971309
301,7189,Origin Dollar,OUSD,https://www.ousd.com,,https://github.com/OriginProtocol/origin-dollar,OriginProtocol/origin-dollar,github,54,33,48,9,61.67,110.67,11.67,0.682,16.48,1.78,188.53,JavaScript,0,50,0.48368,177616,0.300334177
303,2780,NKN,NKN,https://nkn.org/,,https://github.com/nknorg/nkn,nknorg/nkn,github,443,330,72,4.5,6,2.67,3,0.698,6.58,0.7,221.05,Go,0,16,0.41603,286791,0.37662858
304,6843,Radicle,RAD,https://radicle.xyz/,,https://github.com/radicle-dev/radicle-upstream,radicle-dev/radicle-upstream,github,575,61,107,7.33,135.33,78.33,19.67,0.717,19.74,0.89,212.38,Svelte,6,38,0.34437,347174,0.316481544
306,7726,ICHI,ICHI,https://ichi.farm/#/swap,https://www.ichi.org/,https://github.com/ichifarm/ichi-oneToken,ichifarm/ichi-oneToken,github,6,7,6,2.5,15,0,1,8.625,0,0,145,JavaScript,11,2,0.11007,1635063,0.297387339
309,4092,Dusk Network,DUSK,https://www.dusk.network,,https://github.com/dusk-network/dusk-blockchain,dusk-network/dusk-blockchain,github,91,30,25,6,195.33,45,14.33,0.985,19.18,4.88,367.04,Go,1,0,0.35944,166164,0.346693906
310,2989,STASIS EURO,EURS,https://stasis.net,,https://github.com/STASISNET/STASIS-EURS-token-smart-contract,STASISNET/STASIS-EURS-token-smart-contract,github,12,24,4,0,0,0,0,31.047,0,0,581.5,Solidity,23,0,0.0748,963079,0.391630143
311,2585,CENNZnet,CENNZ,https://cennz.net/,,https://github.com/cennznet/cennznet,cennznet/cennznet,github,70,43,37,3.33,71.33,26,16.33,1.383,15.65,0.71,203.44,Rust,1,14,0.3643,3546722,0.436351009
314,1343,Stratis,STRAX,http://stratisplatform.com/,,https://github.com/stratisproject/StratisFullNode,stratisproject/StratisFullNode,github,71,71,37,8,150.33,52.33,37.67,0.841,6.99,0.78,263.83,C#,3,62,0.47134,364094,0.318362211
315,1230,Steem,STEEM,https://steem.com/,https://steemit.com/,https://github.com/steemit/steem,steemit/steem,github,2185,1772,630,3,4.5,1.67,2,4.61,25.77,21.95,256.59,C++,25,2654,0.47363,201689,0.334226723
316,12140,RMRK,RMRK,https://rmrk.app/,,https://github.com/rmrk-team/rmrk-tools,rmrk-team/rmrk-tools,github,62,24,18,4.33,33.67,7.33,3,0.422,9.39,0.41,163.86,JavaScript,0,117,0.45813,50987,0.309273233
318,5631,Orion Protocol,ORN,https://www.orionprotocol.io/orn,,https://github.com/orionprotocol/orion-holochain,orionprotocol/orion-holochain,github,11,5,2,0,0,0,0,29.495,0,0,139,Rust,45,0,0.03088,100439,0.391630143
319,3418,Metadium,META,https://www.metadium.com/,,https://github.com/METADIUM/go-metadium,METADIUM/go-metadium,github,11,19,10,0,0,0,0,2.42,0.01,0.01,763.8,Go,3,0,0.42187,389333,0.302032574
321,2444,CRYPTO20,C20,https://invictuscapital.com/en/crypto20,,https://github.com/cryptotwenty/smartcontracts,cryptotwenty/smartcontracts,github,69,66,7,0,0,0,0,11.001,0.05,0.05,49,None,64,0,0.01952,70864,0.391630143
322,4679,Band Protocol,BAND,https://bandprotocol.com/,,https://github.com/bandprotocol/chain,bandprotocol/chain,github,60,18,24,3.33,10,4,2.67,5.253,7.72,0.96,153.41,Go,3,17,0.40708,305373,0.435708577
323,10897,Alitas,ALT,https://alitas.tech/,,https://github.com/AlitasTech/Alitas,AlitasTech/Alitas,github,1,0,2,1,4,0,0,61.269,0,0,141.5,Go,13,0,0.04938,855224,0.41698703
325,5618,Dawn Protocol,DAWN,https://dawn.org,https://firstblood.io,https://github.com/Dawn-Protocol/dawn-erc20-erc777,Dawn-Protocol/dawn-erc20-erc777,github,25,8,3,1,0,0,1,10.787,0,0,290.67,TypeScript,20,0,0.12116,436944,0.334226723
326,5552,Hathor,HTR,https://hathor.network,,https://github.com/HathorNetwork/hathor-core,HathorNetwork/hathor-core,github,51,26,22,6.67,72.67,96,12.33,0.584,7.49,1.73,400,Python,2,2,0.37764,137730,0.425381607
328,3701,RSK Infrastructure Framework,RIF,https://www.rifos.org/,,https://github.com/riflabs/rif-faucet-client,riflabs/rif-faucet-client,github,2,6,9,0,0,0,0,331.668,0.03,0.03,290.62,,,,,1202697,0.426561056
329,8536,Mask Network,MASK,https://www.mask.io,,https://github.com/DimensionDev/Maskbook,DimensionDev/Maskbook,github,1176,362,266,45.67,1453.33,1022.33,204.67,0.025,13.49,0.96,180.4,TypeScript,0,64,0.60823,109886,0.416798336
331,7232,Alpha Finance Lab,ALPHA,https://alphafinance.io/,,https://github.com/AlphaFinanceLab/alphahomora,AlphaFinanceLab/alphahomora,github,55,37,9,0,0,0,0,271.361,0,0,25.29,,,,,76666,0.391630143
333,7857,Mirror Protocol,MIR,https://mirror.finance,,https://github.com/Mirror-Protocol/eth-web-app,Mirror-Protocol/eth-web-app,github,10,8,5,0,0,0,0,73.232,0,0,177.25,SCSS,4,0,0.11738,42402,0.423998299
334,8911,Strike,STRK,https://strike.org,,https://github.com/StrikeFinance/strike-protocol,StrikeFinance/strike-protocol,github,4,2,5,1,4,0,0,27.756,29.88,7.75,77,Solidity,0,3,0.21554,637955,0.471671196
335,7208,Polkastarter,POLS,https://www.polkastarter.com/,,https://github.com/polkastarter/polkastarter-js,polkastarter/polkastarter-js,github,25,17,12,3,19.33,0.67,5,3.501,23.31,28.81,147.36,JavaScript,0,5,0.29916,13894,0.321837799
336,8613,Alchemix,ALCX,https://alchemix.fi/,,https://github.com/alchemix-finance/alchemix-protocol,alchemix-finance/alchemix-protocol,github,176,79,6,1,0,0,1,8.61,13.71,6.36,44,TypeScript,7,2,0.0658,134450,0.391630143
337,2665,Dero,DERO,https://dero.io,,https://github.com/deroproject/derosuite,deroproject/derosuite,github,291,210,40,4.5,1,1.67,0,5.926,28.83,28.79,213.25,Go,0,55,0.27163,770007,0.334226723
338,10759,DeversiFi,DVF,https://www.deversifi.com/,,https://github.com/DeversiFi/dvf-client-js,DeversiFi/dvf-client-js,github,18,38,21,6.67,21.33,2.67,10,7.819,4.52,0.73,320.39,,,,,144213,0.242631567
341,1552,Enzyme,MLN,https://enzyme.finance/,,https://github.com/enzymefinance/protocol,enzymefinance/protocol,github,109,58,8,1.5,31.5,1,0,0.054,41.47,1.7,105.11,TypeScript,1,0,0.36558,133620,0.389376216
342,7590,Dvision Network,DVI,https://dvision.network/,,https://github.com/Dvision-Network/DVIWorld,Dvision-Network/DVIWorld,github,2,0,1,0,0,0,0,283.24,0,0,215,None,27,0,0.01915,252058,0.391630143
343,1750,GXChain,GXC,https://gxs.gxb.io/en/,,https://github.com/gxchain/gxips,gxchain/gxips,github,7,16,12,0,0,0,0,766.061,0,0,86.5,None,39,0,0.09789,711592,0.391630143
345,1586,Ark,ARK,http://ark.io/,,https://github.com/ArkEcosystem/core,ArkEcosystem/core,github,357,1103,134,5,61,6.67,15.67,2.049,6.87,0.92,279.36,TypeScript,0,3555,0.58236,153752,0.35425936
346,9720,PlatON,LAT,https://platon.network/,,https://github.com/PlatONnetwork/PlatON-Go,PlatONnetwork/PlatON-Go,github,467,343,110,5.33,10.67,7.33,3,1.156,14.39,0.68,318.96,Go,0,0,0.50764,896464,0.41698703
348,1757,FUNToken,FUN,https://funtoken.io/,,https://github.com/funfair-tech/funfair-trulioo-client,funfair-tech/funfair-trulioo-client,github,1,0,6,1.67,36,0,4,1.449,3.32,0.43,356.6,C#,0,0,0.29755,262878,0.324087382
349,2827,Phantasma,SOUL,https://phantasma.io/,,https://github.com/phantasma-io/PhantasmaChain,phantasma-io/PhantasmaChain,github,84,73,19,2.33,14,0,4.5,3.752,2.44,0.17,434.6,C#,15,122,0.25397,91717,0.295518195
355,7064,BakeryToken,BAKE,https://www.bakeryswap.org/,,https://github.com/BakeryProject/bakery-swap-core,BakeryProject/bakery-swap-core,github,59,87,4,0,0,0,0,1.269,0,0,1,Solidity,29,0,0.1368,58720,0.391630143
358,9892,YooShi,YOOSHI,https://www.yooshi.io/,,https://github.com/Yooshi-io/yooshi-contract,Yooshi-io/yooshi-contract,github,17,19,2,0,0,0,0,51.921,0,0,25.25,Solidity,17,0,0.03413,39531,0.391630143
359,5453,KardiaChain,KAI,https://www.kardiachain.io/,,https://github.com/kardiachain/go-kardia,kardiachain/go-kardia,github,45,20,21,3.67,65.33,0.67,7,4.99,8.45,2.79,216.84,Go,0,207,0.46347,78851,0.440843502
361,5429,DEAPcoin,DEP,https://dea.sg/,,https://github.com/Digita-Entertainment-Asset/DEP,Digita-Entertainment-Asset/DEP,github,0,0,2,0,0,0,0,744,0,0,0,None,25,0,0.01915,181886,0.391630143
362,8894,Deeper Network,DPR,https://www.deeper.network,https://www.shop.deeper.network,https://github.com/e2chain-dev/deeper-chain,e2chain-dev/deeper-chain,github,10,0,4,0,0,0,0,323.205,0.54,0.52,110.75,,,,,99745,0.391213569
363,2320,Utrust,UTK,https://utrust.com/,,https://github.com/utrustdev/utrust-ts-library,utrustdev/utrust-ts-library,github,3,2,5,1,0,0.5,1,33.044,10.21,0.62,193,TypeScript,11,0,0.14694,111775,0.334226723
364,2570,TomoChain,TOMO,https://tomochain.com/,,https://github.com/tomochain/tomochain,tomochain/tomochain,github,184,191,68,1.67,3,1.67,1,4.043,25.94,3.76,287.04,Go,11,670,0.47504,146266,0.440843502
365,7725,TrueFi,TRU,https://truefi.io/,https://www.trusttoken.com/,https://github.com/trusttoken/truefi-spec,trusttoken/truefi-spec,github,26,13,8,0,0,0,0,2.55,0.87,0.87,152.4,None,5,0,0.15534,111861,0.391151743
367,1762,Ergo,ERG,https://ergoplatform.org/,,https://github.com/ergoplatform/ergo,ergoplatform/ergo,github,422,185,137,17.33,179.33,96.67,25,0.032,37.56,8.71,279.3,Scala,0,1309,0.58747,181624,0.392615788
371,2137,Electroneum,ETN,http://electroneum.com/,,https://github.com/electroneum/electroneum,electroneum/electroneum,github,503,576,445,0,0,0,0,1.706,0.08,0.08,95.95,C++,5,19,0.42474,132995,0.315128022
372,11926,Thetan Arena,THG,https://thetanarena.com,https://kardiachain.io,https://github.com/thetanarena/thetan-token,thetanarena/thetan-token,github,9,3,1,0,0,0,0,28.519,0,0,6,Solidity,7,0,0.05478,5707,0.391630143
373,2840,QuarkChain,QKC,https://quarkchain.io/,,https://github.com/QuarkChain/pyquarkchain,QuarkChain/pyquarkchain,github,237,245,51,1.33,2.67,1,1,1.359,31.62,2.47,207.61,Python,9,28,0.25689,1176876,0.398219202
374,7311,Beefy Finance,BIFI,https://beefy.finance/,,https://github.com/beefyfinance/beefy-app,beefyfinance/beefy-app,github,175,322,109,20.33,159.33,69,56.67,0.56,2.25,0.54,90.04,JavaScript,8,929,0.39437,8305,0.332391733
378,1883,Adshares,ADS,https://adshares.net/,,https://github.com/adshares/adserver,adshares/adserver,github,32,25,26,6,69,17.67,12.33,2.321,4.93,0.22,503.38,PHP,0,199,0.49339,77350,0.338998141
379,2927,sUSD,SUSD,https://www.synthetix.io/,,https://github.com/Synthetixio/synthetix,Synthetixio/synthetix,github,777,572,141,12.67,277,123,29,0.475,9.04,0.94,215.84,JavaScript,0,1937,0.59737,64685,0.373194204
381,2662,Haven Protocol,XHV,https://havenprotocol.org/,,https://github.com/haven-protocol-org/haven-main,haven-protocol-org/haven-main,github,26,14,20,6,14.67,6.33,1.67,1.144,23.83,2.27,135.6,C++,0,0,0.41841,371811,0.273080272
382,3626,RSK Smart Bitcoin,RBTC,https://rsk.co,,https://github.com/rsksmart/rskj,rsksmart/rskj,github,712,550,177,18.33,195.33,201.33,15,0.603,40.73,16.96,352.2,Java,0,71,0.58732,165456,0.377241984
383,9119,Alien Worlds,TLM,https://alienworlds.io,https://play.alienworlds.io,https://github.com/Alien-Worlds/alienteleport,Alien-Worlds/alienteleport,github,16,22,9,4,5,6.67,6,4.905,6.26,0.01,48.83,JavaScript,0,0,0.2558,14225,0.35269303
384,7859,Badger DAO,BADGER,https://app.badger.finance/,,https://github.com/Badger-Finance/badger-system,Badger-Finance/badger-system,github,98,56,42,2.33,3,1.67,2,10.776,13.74,1.45,111.81,Python,8,33,0.3167,2125777,0.343075614
386,2222,Bitcoin Diamond,BCD,https://www.bitcoindiamond.org/,,https://github.com/eveybcd/BitcoinDiamond,eveybcd/BitcoinDiamond,github,126,169,83,0,0,0,0,128.303,57.58,57.58,80.87,C++,35,2,0.312,675781,0.391630143
390,2606,Wanchain,WAN,https://wanchain.org/,,https://github.com/wanchain/go-wanchain,wanchain/go-wanchain,github,311,205,25,1.33,2.33,0,0,1.325,19.42,19.42,341.62,Go,7,909,0.34307,275302,0.411242505
392,3928,IDEX,IDEX,https://idex.io/,,https://github.com/idexio/idex-sdk-js,idexio/idex-sdk-js,github,29,19,12,3.67,18,27.67,6.67,10.76,26.58,4.96,418.4,TypeScript,4,231,0.44088,102860,0.31096613
393,7692,e-Radix,EXRD,https://www.radixdlt.com/,https://radixtokens.com/,https://github.com/radixdlt/radixdlt,radixdlt/radixdlt,github,109,33,29,9.67,257.33,173.67,26.33,0.838,3.42,0.69,164.21,Java,0,73,0.50912,83076,0.310643396
394,6748,Centrifuge,CFG,https://centrifuge.io/,,https://github.com/centrifuge/centrifuge-chain,centrifuge/centrifuge-chain,github,109,67,40,9.33,249.67,173,22.67,0.035,24.58,7.06,206.24,Rust,0,20,0.50477,76595,0.327896968
395,10052,Gitcoin,GTC,https://gitcoin.co/,,https://github.com/gitcoinco/gitcoinco,gitcoinco/gitcoinco,github,332,74,135,3,0,1.33,1,0.758,0.24,0.18,164.75,None,45,3,0.1072,24205,0.391630143
396,3816,Verasity,VRA,https://www.verasity.io/,https://verasity.tv,https://github.com/verasitytech/SmartContracts,verasitytech/SmartContracts,github,7,1,1,0,0,0,0,31.817,0,0,0,JavaScript,57,0,0.01915,47781,0.391630143
398,2930,Everipedia,IQ,https://everipedia.org/,,https://github.com/EveripediaNetwork/Everipedia,EveripediaNetwork/Everipedia,github,176,115,20,1,2,0,0,4.717,14.23,0.62,290.8,C++,17,28,0.22537,16373,0.336482987
399,8384,Clover Finance,CLV,https://clover.finance/,,https://github.com/clover-network/clover,clover-network/clover,github,99,38,23,3.67,21.67,2,5,2.188,8.94,1,98.26,Rust,13,37,0.1916,92596,0.41698703
402,5380,HUNT,HUNT,https://token.hunt.town/,https://review.hunt.town/,https://github.com/Steemhunt/mint.club-contract,Steemhunt/mint.club-contract,github,58,7,2,2,3,0.5,0,5.85,0.16,0.16,101,Solidity,6,0,0.07198,2062695,0.423998299
403,7320,Neutrino Token,NSBT,https://neutrino.at/,,https://github.com/waves-exchange/neutrino-contract,waves-exchange/neutrino-contract,github,8,7,5,0,0,0,0,0.374,30.48,3.09,260.17,JavaScript,8,0,0.19223,285836,0.299884926
404,6756,Acala Token,ACA,https://acala.network/,,https://github.com/AcalaNetwork/Acala,AcalaNetwork/Acala,github,631,274,110,22.33,308,244,53.67,0.103,10.15,0.85,183.98,Rust,0,0,0.44206,16749,0.406020828
405,4807,CertiK,CTK,https://www.shentu.technology/,,https://github.com/ShentuChain/shentu,ShentuChain/shentu,github,5,9,8,5,29.33,23,6,3.34,8.78,0.64,45.5,,,,,249352,0.338014226
406,2424,SingularityNET,AGIX,https://singularitynet.io/,,https://github.com/singnet/snet-dapp,singnet/snet-dapp,github,31,110,35,2,6,5,2,102.081,0.59,0.1,350.59,JavaScript,7,105,0.30993,187861,0.432140184
407,5601,STAKE,STAKE,http://xdaichain.com/,,https://github.com/xdaichain/easy-staking-contracts,xdaichain/easy-staking-contracts,github,95,43,6,1,0,0,1,5.73,0,0,120.88,JavaScript,30,9,0.1115,83833,0.334226723
411,8245,Hydra,HYDRA,https://hydrachain.org/,,https://github.com/Hydra-Chain/node,Hydra-Chain/node,github,18,3,14,2.5,3,0,1,0.612,0.09,0.09,41.88,C++,0,7,0.46372,297987,0.359063246
412,7411,Covalent,CQT,https://www.covalenthq.com/,,https://github.com/covalenthq/bsp-agent,covalenthq/bsp-agent,github,4,1,4,2,17,0,4,1.081,5.86,3.89,22.67,Go,1,8,0.34711,78051,0.347528711
413,11222,Wrapped NCG (Nine Chronicles Gold),WNCG,https://nine-chronicles.com/,,https://github.com/planetarium/NineChronicles,planetarium/NineChronicles,github,196,87,42,16.67,234.33,67,64,0.981,3.74,0.11,189.16,C#,0,117,0.50751,74024,0.423430589
414,3637,Aergo,AERGO,https://www.aergo.io/,,https://github.com/aergoio/aergo,aergoio/aergo,github,201,87,24,1.5,2.5,0.67,0.5,0.691,9.09,9.09,509.37,C,2,11,0.35939,762485,0.428683745
415,5728,Balancer,BAL,https://balancer.finance/,http://balancer.exchange/,https://github.com/balancer-labs/balancer-core,balancer-labs/balancer-core,github,261,205,11,0,0,0,0,5.136,9.65,9.65,181.15,Solidity,23,198,0.2109,3769758,0.391630143
416,2896,Hifi Finance,MFT,https://hifi.finance/,,https://github.com/hifi-finance/hifi,hifi-finance/hifi,github,71,6,5,2,6.5,1,1,3.832,14.81,2.78,122,TypeScript,0,2,0.32703,735310,0.25039906
417,7236,Celo Dollar,CUSD,https://celo.org/,https://thecelo.com/,https://github.com/celo-org/celo-blockchain,celo-org/celo-blockchain,github,383,189,131,13.33,193.33,110.33,24,0.075,24.78,5.96,269.21,Go,0,0,0.5621,30290,0.265647205
418,2588,Loom Network,LOOM,https://loomx.io/,,https://github.com/loomnetwork/loom-js,loomnetwork/loom-js,github,215,82,60,0,0,0,0,27.888,4.55,1.01,207.45,TypeScript,16,9,0.33256,338674,0.391630143
421,4056,Ampleforth,AMPL,https://www.ampleforth.org/,,https://github.com/ampleforth/uFragments,ampleforth/uFragments,github,175,229,16,0,0,0,0,226.084,53.31,64.05,201.84,,,,,203337,0.284788549
425,7535,Keep3rV1,KP3R,https://keep3r.network/,,https://github.com/keep3r-network/keep3r.network,keep3r-network/keep3r.network,github,410,215,37,0,0,0,0,5.553,0,0,27.41,Solidity,12,3,0.15965,222377,0.391630143
426,9421,Ampleforth Governance Token,FORTH,https://www.ampleforth.org/,,https://github.com/ampleforth/ampleforth-contracts,ampleforth/ampleforth-contracts,github,64,22,7,3,3,8,2.33,3.64,15.85,9.95,114,TypeScript,4,0,0.23162,203337,0.284788549
428,2776,Travala.com,AVA,https://www.travala.com/,https://book.travala.com/,https://github.com/travala/Booking-SC,travala/Booking-SC,github,3,2,1,0,0,0,0,220.843,0,0,0,C#,42,0,0.06806,64019,0.391630143
429,7978,Bonfida,FIDA,https://bonfida.com,https://solible.com,https://github.com/Bonfida/agnostic-orderbook,Bonfida/agnostic-orderbook,github,35,14,7,4.33,14.67,8.67,3.67,1.115,5.1,0.84,61.12,Rust,1,0,0.22667,691873,0.279603594
430,5221,Handshake,HNS,https://handshake.org/,,https://github.com/handshake-org/hsd,handshake-org/hsd,github,1619,403,176,9.67,12.67,71.67,6,0.819,26.78,10.56,275.27,JavaScript,0,0,0.46542,259628,0.406639457
431,3874,IRISnet,IRIS,https://www.irisnet.org/,,https://github.com/irisnet/irishub,irisnet/irishub,github,279,318,85,6.67,26.67,3.33,8.67,1.042,15.27,0.81,244.23,Go,0,1263,0.54098,528575,0.41487829
433,2245,Presearch,PRE,https://www.presearch.io/,https://www.presearch.org/,https://github.com/PresearchOfficial/presearch-packages,PresearchOfficial/presearch-packages,github,84,43,41,5.33,4.5,3,3.67,0.305,47.06,43.3,191,JavaScript,2,7,0.34374,110951,0.33858659
439,8541,SifChain,erowan,https://sifchain.finance/,,https://github.com/Sifchain/sifnode,Sifchain/sifnode,github,83,121,107,27,498,157,48.67,0.318,12.95,3.02,190.54,Go,2,150,0.5577,73692,0.255082021
442,6859,Harvest Finance,FARM,https://harvest.finance/,,https://github.com/harvest-finance/harvest,harvest-finance/harvest,github,218,168,26,1,0,1.33,0,7.156,0.12,0.12,77.53,Solidity,19,74,0.20196,108649,0.391630143
443,11232,Highstreet,HIGH,https://highstreet.market,,https://github.com/TravisBuilds/HighStreet,TravisBuilds/HighStreet,github,22,15,8,0,0,0,0,24.698,4.48,0.65,83.12,JavaScript,6,0,0.1293,99133,0.405251843
445,8044,Adappter Token,ADP,https://adappter.io/eng.html,,https://github.com/sinestcorp/Adappter,sinestcorp/Adappter,github,0,1,1,0,0,0,0,143.178,0,0,0,Solidity,18,0,0.01915,2295736,0.391630143
447,8525,Rai Reflex Index,RAI,https://reflexer.finance/,,https://github.com/reflexer-labs/auction-keeper,reflexer-labs/auction-keeper,github,7,5,3,0,0,0,0,58.498,0.04,0.03,209.5,Python,6,0,0.22087,522138,0.391630143
449,15261,ONUS,ONUS,https://goonus.io/en,,https://github.com/ONUS-APP/smart-contract,ONUS-APP/smart-contract,github,1,0,1,0,0,0,0,26.358,0,0,0,Solidity,4,0,0.0435,94792,0.440843502
452,8206,QuickSwap,QUICK,https://quickswap.exchange/,https://info.quickswap.exchange/#/home,https://github.com/QuickSwap/quickswap-core,QuickSwap/quickswap-core,github,79,81,18,2,0,0.33,0,2.225,4.99,4.99,37.17,Solidity,1,4,0.25867,5792,0.391630143
453,12387,Ribbon Finance,RBN,https://www.ribbon.finance/,,https://github.com/ribbon-finance/ribbon-v2,ribbon-finance/ribbon-v2,github,90,25,12,5.33,181,79.33,17.33,0.974,5.5,1.92,128.64,TypeScript,1,4,0.2074,68176,0.376540723
454,3930,ThunderCore,TT,https://www.thundercore.com,,https://github.com/thundercore/thundercore-localchain,thundercore/thundercore-localchain,github,29,15,8,2,1,0,1,77.694,0,0,635,Go,13,0,0.37554,201931,0.41698703
455,8827,Boson Protocol,BOSON,http://bosonprotocol.io,,https://github.com/bosonprotocol/contracts,bosonprotocol/contracts,github,55,12,24,6,74.67,25,8.67,1.957,10.1,0.93,128.64,TypeScript,4,47,0.39363,271993,0.338528925
456,7102,Linear,LINA,https://linear.finance,,https://github.com/Linear-finance/linear,Linear-finance/linear,github,32,5,10,1,64,0,0,2.356,1.58,0.05,98.7,TypeScript,3,28,0.25815,214013,0.334226723
458,1993,Kin,KIN,https://www.kin.org/,,https://github.com/kinecosystem/kin-node,kinecosystem/kin-node,github,16,14,15,2,0,0.5,0,57.432,0.5,0.22,163.09,TypeScript,2,2,0.23324,220938,0.362280393
459,6841,Phala Network,PHA,https://phala.network/,,https://github.com/Phala-Network/phala-blockchain,Phala-Network/phala-blockchain,github,277,161,76,9,243,68.33,18.67,0.569,7.61,0.63,135.56,Rust,0,11,0.52368,240235,0.398391059
460,5279,Sologenic,SOLO,https://www.sologenic.com/,,https://github.com/sologenic/sologenic-xrpl-stream-js,sologenic/sologenic-xrpl-stream-js,github,14,11,11,1,0,0.5,2,0.582,30.02,30.02,202.7,TypeScript,16,0,0.15727,117685,0.322163176
461,2610,PECULIUM (old),PCL,http://peculium.io,https://saieve.io/,https://github.com/Peculium-Dev/PCLToken,Peculium-Dev/PCLToken,github,0,0,2,0,0,0,0,986.608,0,0,18,,,,,1855439,0.391630143
463,4036,Contentos,COS,https://www.contentos.io/,,https://github.com/coschain/contentos-go,coschain/contentos-go,github,50,35,17,1,0,0.5,0,5.048,75.74,75.74,314.64,Go,1,58,0.27494,186477,0.41698703
466,10188,Automata Network,ATA,https://ata.network,,https://github.com/automata-network/automata,automata-network/automata,github,77,16,15,2.5,16,0,6.5,1.156,8.02,0.58,75.31,Rust,7,7,0.18689,553828,0.402129516
467,2492,Elastos,ELA,https://elastos.info,https://elastos.org,https://github.com/elastos/Elastos,elastos/Elastos,github,159,96,12,1,157,0,0,4.206,0,0,370.86,Go,1,574,0.43156,882475,0.41698703
468,8707,Alpaca Finance,ALPACA,https://www.alpacafinance.org/,,https://github.com/alpaca-finance/bsc-alpaca-contract,alpaca-finance/bsc-alpaca-contract,github,124,69,27,8,132,52.67,22.33,0.832,3.12,0.12,158.48,TypeScript,0,0,0.2796,34220,0.440763728
471,1521,Komodo,KMD,https://komodoplatform.com/,,https://github.com/KomodoPlatform/atomicDEX-Desktop,KomodoPlatform/atomicDEX-Desktop,github,144,152,81,14.33,160.67,103.67,41.33,0.183,10.78,0.99,137.61,QML,0,124,0.55124,200009,0.286640516
472,3714,LTO Network,LTO,https://www.ltonetwork.com/,,https://github.com/ltonetwork/lto-public-chain,ltonetwork/lto-public-chain,github,27,4,9,2.67,122.67,4.33,3.67,0.388,34.03,19.6,342.73,Scala,3,0,0.3443,293593,0.334114092
473,463,BitShares,BTS,https://bitshares.org,,https://github.com/bitshares/bitshares-core,bitshares/bitshares-core,github,1176,1408,343,2.33,70.5,34.33,8,0.317,8.59,0.58,251.85,C++,3,666,0.5392,336480,0.301088858
475,4191,Syntropy,NOIA,http://syntropynet.com/,,https://github.com/SyntropyNet/syntropy-agent,SyntropyNet/syntropy-agent,github,16,3,8,2,68,8,1.5,1.944,12.74,9.92,227.5,Go,1,3,0.29361,245601,0.377296714
480,8034,BioPassport Token,BIOT,https://biopassport.io,,https://github.com/biopassport/contract,biopassport/contract,github,0,0,1,0,0,0,0,526.412,0,0,17,Solidity,18,0,0.05316,2477995,0.391630143
481,15257,EverRise,RISE,https://www.everrise.com/,,https://github.com/everrise-ecosystem/contracts-public,everrise-ecosystem/contracts-public,github,1,4,1,0,0,0,0,22.976,0,0,15,Solidity,14,0,0.02073,48143,0.327076508
482,213,MonaCoin,MONA,http://monacoin.org,,https://github.com/monacoinproject/monacoin,monacoinproject/monacoin,github,375,261,69,0,0,0,0,19.866,4.3,0.26,268.77,C++,4,18,0.41123,1274160,0.331893973
484,6138,DIA,DIA,https://diadata.org/,,https://github.com/diadata-org/diadata,diadata-org/diadata,github,167,150,128,10.33,99.67,28.33,4.67,0.047,10.12,4.76,157.62,Go,0,240,0.56656,227271,0.325222249
485,10180,GMT Token,GMT,https://gmt.io/,,https://github.com/gomining-token/smart,gomining-token/smart,github,1,3,1,1,0,0,1,3.143,0,0,4,Solidity,10,0,0.03152,117913,0.391630143
487,4862,DAD,DAD,https://dad.one/,,https://github.com/DAD-Chain/dad-go,DAD-Chain/dad-go,github,28,11,18,3.67,13.33,0,6.33,26.338,2.6,0.57,470.33,Go,1,0,0.27569,1748480,0.41698703
494,2134,Grid+,GRID,http://gridplus.io/,,https://github.com/GridPlus/gridplus-sdk,GridPlus/gridplus-sdk,github,21,15,14,4.33,84.33,25,25.67,0.508,10.1,0.29,237.42,TypeScript,0,78,0.50769,168654,0.375899837
495,10293,Swarm,BZZ,https://www.ethswarm.org/,,https://github.com/ethersphere/bee,ethersphere/bee,github,1477,391,439,19,482.33,196.33,33,0.131,18.27,2.2,87.27,Go,0,109,0.5372,417924,0.316869073
497,2630,PolySwarm,NCT,https://polyswarm.io/,,https://github.com/polyswarm/polyswarm-cli,polyswarm/polyswarm-cli,github,2,1,17,1,4.33,0,1.5,3.559,0.66,0.05,343.31,Python,3,10,0.2864,472405,0.414049697
498,10974,Tranchess,CHESS,https://tranchess.com/,,https://github.com/tranchess/contract-core,tranchess/contract-core,github,48,19,3,2,54.33,0,11.33,0.088,0.63,0.04,125,TypeScript,0,0,0.23468,165194,0.394230769
500,10223,Vega Protocol,VEGA,https://vega.xyz,https://fairground.wtf,https://github.com/vegaprotocol/vegawallet,vegaprotocol/vegawallet,github,9,6,27,10.33,77.67,37.67,13.67,0.751,4.58,0.85,91.67,Go,4,33,0.3192,435236,0.26234585
501,3481,Peony,PNY,https://peony.net/,,https://github.com/decenomy/PNY,decenomy/PNY,github,0,1,4,1,80,0,0,21.708,0.04,0.04,105.67,C++,2,0,0.4629,561685,0.278462848
505,2143,Streamr,DATA,https://streamr.network,,https://github.com/streamr-dev/network-monorepo,streamr-dev/network-monorepo,github,35,12,30,15.67,400.67,148.33,58,0.776,6.07,1,179.23,,,,,236613,0.334828148
507,1768,Ambire AdEx,ADX,https://www.adex.network/,,https://github.com/AmbireTech/adex-protocol-eth,AmbireTech/adex-protocol-eth,github,13,3,7,1.67,5,0,3,4.84,0.89,0.89,47.2,JavaScript,1,0,0.31248,55058,0.382158886
508,1556,Chrono.tech,TIME,https://chrono.tech/,,https://github.com/Chrono-Tech/ChronoMint,Chrono-Tech/ChronoMint,github,1,2,1,0,0,0,0,31.038,0,0,0,JavaScript,49,0,0.21114,327110,0.391630143
510,5821,Aleph.im,ALEPH,https://aleph.im/,,https://github.com/aleph-im/pyaleph,aleph-im/pyaleph,github,58,16,10,3.33,55.33,33.33,16,0.172,12.44,1.02,284.56,Python,0,15,0.4247,177009,0.329409891
512,8669,Sovryn,SOV,https://sovryn.app/,https://live.sovryn.app/,https://github.com/DistributedCollective/Sovryn-smart-contracts,DistributedCollective/Sovryn-smart-contracts,github,107,43,42,7.33,91.67,14.67,5.33,0.433,19.31,6.13,134.87,JavaScript,0,272,0.48747,91265,0.384717291
514,1414,Firo,FIRO,https://firo.org/,,https://github.com/firoorg/firo,firoorg/firo,github,157,59,54,14.33,50.33,43.67,10.33,0.793,33.03,10.2,188.37,C++,1,3,0.49616,277036,0.468005369
518,11035,Splintershards,SPS,https://splinterlands.com,,https://github.com/steem-monsters/splinterlands-js,steem-monsters/splinterlands-js,github,12,9,7,1,3,0,0,0.722,0.01,0.01,711,JavaScript,1,0,0.19321,13548,0.38225305
523,6216,AXEL,AXEL,https://www.axel.org/,https://www.axel.org/axel-network/,https://github.com/axelnetwork/AXEL,axelnetwork/AXEL,github,12,7,1,0,0,0,0,117.934,0,0,599.5,C++,15,0,0.11392,275138,0.381128342
528,3581,Kleros,PNK,https://kleros.io/,,https://github.com/kleros/kleros,kleros/kleros,github,204,109,35,2,1,0.67,1,6.815,60.09,14.2,328.64,Solidity,2,64,0.4416,211537,0.334226723
529,11234,Position Exchange,POSI,https://position.exchange/,,https://github.com/PositionExchange/position-token,PositionExchange/position-token,github,11,8,1,0,0,0,0,11.298,0,0,12,TypeScript,8,0,0.05626,33616,0.391630143
530,4275,Cocos-BCX,COCOS,https://www.cocosbcx.io/,,https://github.com/Cocos-BCX/cocos-mainnet,Cocos-BCX/cocos-mainnet,github,1586,131,24,0,0,0,0,5.227,0,0,39.17,C++,28,21,0.1923,141244,0.391630143
533,5947,TokenPocket,TPT,https://www.tokenpocket.pro/,,https://github.com/TP-Lab/tp-js-sdk,TP-Lab/tp-js-sdk,github,143,63,20,2.67,3,8.67,0,3.171,13.26,5.51,286.33,JavaScript,3,0,0.23949,54183,0.41698703
534,7509,BoringDAO,BOR,https://www.boringdao.com/,,https://github.com/BoringDAO/boringDAO-contract,BoringDAO/boringDAO-contract,github,10,13,4,0,0,0,0,93.076,4.76,0.94,88.5,Solidity,18,2,0.10854,191733,0.391630143
537,7440,BarnBridge,BOND,https://barnbridge.com/,,https://github.com/BarnBridge/BarnBridge-SmartYieldBonds,BarnBridge/BarnBridge-SmartYieldBonds,github,21,19,9,1,1,0,0,12.981,9.18,3.74,98.44,TypeScript,12,10,0.20525,273359,0.404754394
538,2021,RChain,REV,https://www.rchain.coop/,,https://github.com/rchain/rchain,rchain/rchain,github,773,470,110,8,126,152,15,0.193,21.71,5.84,360.41,Scala,5,643,0.47009,347694,0.376856954
539,3175,Maro,MARO,https://ma.ro/#/,,https://github.com/TTCECO/gttc,TTCECO/gttc,github,126,114,13,0,0,0,0,0.903,0,0,254.19,Go,6,7,0.24622,4628993,0.398595262
540,5060,XeniosCoin,XNC,https://xenioscoin.com,,https://github.com/xeniosproject/xenioscoin,xeniosproject/xenioscoin,github,3,7,3,1,1,0,0,39.506,0,0,471,C++,2,3,0.09174,3807646,0.381128342
545,8049,Tornado Cash,TORN,https://app.tornado.cash/,,https://github.com/tornadocash/tornado-core,tornadocash/tornado-core,github,603,255,45,1,0,0,1,0.081,7.17,2.36,136.82,JavaScript,10,4,0.22368,78250,0.279231855
546,258,Groestlcoin,GRS,http://www.groestlcoin.org/,,https://github.com/Groestlcoin/groestlcoin,Groestlcoin/groestlcoin,github,49,60,19,1,423.67,0,1,1.623,0,0,297.73,C++,0,0,0.46893,923211,0.278109844
548,2638,Cortex,CTXC,http://www.cortexlabs.ai/,,https://github.com/CortexFoundation/CortexTheseus,CortexFoundation/CortexTheseus,github,86,59,36,4.67,49.33,17.33,15.67,1.033,6.02,0.16,215.2,Go,0,268,0.64523,490521,0.41698703
550,5893,Frontier,FRONT,https://frontier.xyz/,https://frontier.xyz/front/,https://github.com/frontierdotxyz/brand-assets,frontierdotxyz/brand-assets,github,1,3,1,0,0,0,0,138.956,0,0,0,None,26,0,0.05574,263468,0.391630143
552,7224,DODO,DODO,https://dodoex.io/,,https://github.com/DODOEX/contractV2,DODOEX/contractV2,github,88,46,10,1.67,16,0,0,5.856,3.51,1.49,165.29,Solidity,1,87,0.28304,21840,0.41698703
557,4944,Tellor,TRB,https://tellor.io/,,https://github.com/tellor-io/telliot-core,tellor-io/telliot-core,github,8,5,11,5.33,73.33,28.67,16.67,0.147,4.59,0.8,63.6,Python,0,11,0.37102,496174,0.329161209
558,7429,Liquity,LQTY,https://www.liquity.org/,,https://github.com/liquity/dev,liquity/dev,github,128,165,34,5.33,3,23,14.33,1.138,7.19,3.92,92,JavaScript,0,880,0.50821,220064,0.308294743
562,6833,Litentry,LIT,https://www.litentry.com/,,https://github.com/litentry/litentry-parachain,litentry/litentry-parachain,github,29,4,17,9.67,97.67,68.67,16.67,0.697,15.48,2.13,198.64,Rust,0,0,0.39555,154396,0.327532553
563,1856,district0x,DNT,https://district0x.io/,,https://github.com/district0x/district0x-network-token,district0x/district0x-network-token,github,148,93,15,0,0,0,0,10.899,0,0,69.89,Clojure,45,0,0.10901,427714,0.391630143
564,4134,Akropolis,AKRO,https://akropolis.io/,,https://github.com/akropolisio/AkropolisToken,akropolisio/AkropolisToken,github,9,9,6,1.5,1,0,1,19.001,0.05,0.05,484.67,JavaScript,9,2,0.13156,367114,0.334226723
565,2062,Aion,AION,https://theoan.com/,https://aion.network/,https://github.com/aionnetwork/aion,aionnetwork/aion,github,778,279,130,0,0,0,0,7.894,0,0,189.13,Java,27,169,0.38087,418271,0.391630143
567,4268,NewYork Exchange,NYE,https://www.nyecoin.io/,,https://github.com/nyecoin/NYE,nyecoin/NYE,github,3,1,3,0,0,0,0,358.531,0,0,45,C++,34,0,0.01915,20564,0.391630143
568,8992,Cellframe,CELL,https://cellframe.net/,,https://github.com/demlabs-cellframe/cellframe-node,demlabs-cellframe/cellframe-node,github,9,1,1,1,144,0,0,1.299,0,0,720,C,0,0,0.32301,261158,0.375401708
569,5865,FIO Protocol,FIO,https://fioprotocol.io/,https://kb.fioprotocol.io/,https://github.com/fioprotocol/fio,fioprotocol/fio,github,39,19,21,3.33,5,0.67,4,1.772,13.14,0.42,265.18,C++,3,93,0.47681,433698,0.395097096
572,10334,BabySwap,BABY,https://home.babyswap.finance/,,https://github.com/babyswap/baby-swap-contract,babyswap/baby-swap-contract,github,58,33,2,1,2.5,0,0,1.746,0,0,82.75,Solidity,1,0,0.11599,19010,0.41698703
573,8083,Tokenlon Network Token,LON,https://tokenlon.im/lon,,https://github.com/consenlabs/token-core,consenlabs/token-core,github,216,102,37,1.67,2,2,0.67,4.016,100.12,0.27,205.7,Rust,4,14,0.24757,713997,0.41698703
577,9741,Solanium,SLIM,https://www.solanium.io/,,https://github.com/solanium-io/aws-solana-validator,solanium-io/aws-solana-validator,github,29,7,2,1,0,0,0,14.714,0,0,0,HCL,20,0,0.07673,9580,0.391630143
579,8024,Mirrored iShares Gold Trust,mIAU,https://mirror.finance,,https://github.com/Mirror-Protocol/mirror.js,Mirror-Protocol/mirror.js,github,34,21,22,1.5,0,1.67,2,12.723,5.39,0.96,88.94,TypeScript,9,16,0.25398,42402,0.423998299
581,2092,NULS,NULS,https://nuls.io/,,https://github.com/nuls-io/nuls-v2,nuls-io/nuls-v2,github,226,91,26,3.33,31,0,4.33,5.701,7.85,0.07,342.57,Java,3,866,0.42114,203131,0.41698703
584,3702,Beam,BEAM,https://www.beam.mw/,,https://github.com/BeamMW/beam,BeamMW/beam,github,626,389,263,11,125.67,10.67,1,1.054,34.87,15.19,220.77,C++,0,1301,0.58727,367775,0.389195734
585,4956,MAP Protocol,MAP,https://www.maplabs.io/,,https://github.com/mapprotocol/atlas,mapprotocol/atlas,github,8,9,7,4,69.33,0,14.67,1.065,5.72,0.09,169,Go,0,25,0.38134,764924,0.41698703
586,5435,Epic Cash,EPIC,https://linktr.ee/epiccash,,https://github.com/EpicCash/epic,EpicCash/epic,github,11,23,20,3.33,6.67,0.67,3.5,2.869,1.18,0.45,80.42,Rust,0,154,0.42053,228,0.364018285
588,1229,DigixDAO,DGD,https://digix.global/dgd/,https://community.digix.global/,https://github.com/DigixGlobal/dijix,DigixGlobal/dijix,github,12,4,3,0,0,0,0,252.647,0,0,23,JavaScript,49,0,0.07948,671815,0.391630143
591,8509,XMON,XMON,https://0xmons.xyz/,,https://github.com/0xmons/0xmons-contracts-new,0xmons/0xmons-contracts-new,github,32,9,3,0,0,0,0,16.904,10.17,10.18,219,HTML,7,0,0.04074,248598,0.391630143
592,5882,StaFi,FIS,https://www.stafi.io/,,https://github.com/stafiprotocol/stafi-node,stafiprotocol/stafi-node,github,49,23,14,2.67,22.33,0,0,2.138,14,11.52,276,Rust,4,19,0.19815,589505,0.41698703
594,8497,ApeSwap Finance,BANANA,https://apeswap.finance,,https://github.com/ApeSwapFinance/apeswap-swap-core,ApeSwapFinance/apeswap-swap-core,github,17,45,3,1,1,0,0,20.085,53.55,53.55,115.6,TypeScript,9,2,0.14675,13784,0.418961451
596,2398,SelfKey,KEY,https://selfkey.org/,,https://github.com/SelfKeyFoundation/Identity-Wallet,SelfKeyFoundation/Identity-Wallet,github,54,56,48,0,0,0,0,80.917,12.52,0.1,355.81,JavaScript,2,254,0.41902,403891,0.281464245
600,1866,Bytom,BTM,http://bytom.io/,,https://github.com/Bytom/bytom,Bytom/bytom,github,1532,937,281,1,0,0,0,9.124,2.46,0.06,167.42,Go,5,130,0.41382,2049330,0.41698703